call_id,caller_number,receiver_number,timestamp,duration_seconds,call_type,cell_tower_id,tower_location,imei_caller,imei_receiver,source_case_id,flagged_suspicious
CDR001000,+91-98110-44501,+91-98765-32100,2025-03-08 21:17:00,101,VOICE,CT004,"Bandra West, Mumbai",352802754416809,351560157888921,101,NO
CDR001001,+91-98110-44501,+91-98765-32100,2025-03-01 07:05:00,288,VOICE,CT004,"Bandra West, Mumbai",351466442118724,354498513908134,101,NO
CDR001002,+91-98110-44501,+91-98765-32100,2025-03-08 15:41:00,259,VOICE,CT007,"Salt Lake, Kolkata",355894498626988,353808074611645,101,NO
CDR001003,+91-98110-44501,+91-98765-32100,2025-03-08 10:27:00,109,VOICE,CT006,"Andheri East, Mumbai",356921744116206,352628231594989,101,NO
CDR001004,+91-98110-44501,+91-98765-32100,2025-03-05 01:06:00,339,VOICE,CT006,"Andheri East, Mumbai",357661160537249,351803457621458,101,YES
CDR001005,+91-98110-44501,+91-98765-32100,2025-03-08 01:14:00,467,VOICE,CT005,"Meerut City, UP",357683402910416,358976948156217,101,YES
CDR001006,+91-98110-44501,+91-98765-32100,2025-03-07 18:53:00,219,VOICE,CT006,"Andheri East, Mumbai",354686607816019,355697277634980,101,NO
CDR001007,+91-98110-44501,+91-98765-32100,2025-03-08 11:59:00,303,VOICE,CT002,"Karol Bagh, Delhi",355306688806356,359131074899695,101,YES
CDR001008,+91-98110-44501,+91-98765-32100,2025-03-05 01:17:00,461,VOICE,CT004,"Bandra West, Mumbai",355028919575309,351566170331051,101,YES
CDR001009,+91-98110-44501,+91-98765-32100,2025-03-09 14:20:00,63,VOICE,CT007,"Salt Lake, Kolkata",354737973078743,359781728240661,101,NO
CDR001010,+91-98110-44501,+91-98765-32100,2025-03-05 05:56:00,165,VOICE,CT008,"MG Road, Gurgaon",355338516676637,355623699700328,101,NO
CDR001011,+91-98110-44501,+91-98765-32100,2025-03-08 23:37:00,0,SMS,CT007,"Salt Lake, Kolkata",354858435394711,359964190877060,101,NO
CDR001012,+91-98110-44501,+91-98765-32100,2025-03-06 06:05:00,108,VOICE,CT001,"Rohini Sector 7, Delhi",353815898439108,357769141307920,101,NO
CDR001013,+91-98110-44501,+91-98765-32100,2025-03-05 01:38:00,313,VOICE,CT008,"MG Road, Gurgaon",353017435138489,356985642353299,101,YES
CDR001014,+91-98110-44501,+91-98765-32100,2025-03-02 04:18:00,262,VOICE,CT007,"Salt Lake, Kolkata",355633065750027,359808857184395,101,NO
CDR001015,+91-98110-44501,+91-98765-32100,2025-03-09 03:11:00,460,VOICE,CT002,"Karol Bagh, Delhi",359931981275559,354498718886087,101,YES
CDR001016,+91-98110-44501,+91-98765-32100,2025-03-02 15:23:00,336,VOICE,CT003,"Okhla Phase II, Delhi",359595621798971,352967178673538,101,YES
CDR001017,+91-98110-44501,+91-98765-32100,2025-03-10 21:23:00,59,VOICE,CT005,"Meerut City, UP",352503576812551,359550128438223,101,NO
CDR001018,+91-98765-32100,+91-99300-67890,2025-03-30 16:49:00,367,VOICE,CT003,"Okhla Phase II, Delhi",353905759280560,358019315372954,102,YES
CDR001019,+91-98765-32100,+91-99300-67890,2025-04-01 03:41:00,0,SMS,CT006,"Andheri East, Mumbai",353127947929743,354952434658845,102,NO
CDR001020,+91-98765-32100,+91-99300-67890,2025-03-25 16:21:00,331,VOICE,CT001,"Rohini Sector 7, Delhi",351125499878070,352037797684918,102,YES
CDR001021,+91-98765-32100,+91-99300-67890,2025-03-27 10:04:00,66,VOICE,CT001,"Rohini Sector 7, Delhi",355185506430032,354768771157991,102,NO
CDR001022,+91-98765-32100,+91-99300-67890,2025-03-30 18:08:00,431,VOICE,CT008,"MG Road, Gurgaon",354347527832818,352705507142740,102,YES
CDR001023,+91-98765-32100,+91-99300-67890,2025-04-01 00:27:00,0,SMS,CT006,"Andheri East, Mumbai",359213743140796,352733647141185,102,NO
CDR001024,+91-98765-32100,+91-99300-67890,2025-03-25 15:25:00,157,VOICE,CT006,"Andheri East, Mumbai",354346602396672,358892158252516,102,NO
CDR001025,+91-98765-32100,+91-99300-67890,2025-03-26 11:27:00,266,VOICE,CT003,"Okhla Phase II, Delhi",352326815322748,352724645514915,102,NO
CDR001026,+91-98765-32100,+91-99300-67890,2025-03-25 12:41:00,415,VOICE,CT001,"Rohini Sector 7, Delhi",355161173462949,358147539881314,102,YES
CDR001027,+91-98765-32100,+91-99300-67890,2025-03-30 04:30:00,0,SMS,CT004,"Bandra West, Mumbai",352034668113652,357666496354440,102,NO
CDR001028,+91-98765-32100,+91-99300-67890,2025-03-25 00:24:00,0,SMS,CT005,"Meerut City, UP",358440108492786,353725099503481,102,NO
CDR001029,+91-98765-32100,+91-99300-67890,2025-03-27 00:18:00,326,VOICE,CT004,"Bandra West, Mumbai",352006369269690,359845385453546,102,YES
CDR001030,+91-98765-32100,+91-99300-67890,2025-04-03 19:54:00,290,VOICE,CT003,"Okhla Phase II, Delhi",352203388955030,352196556564609,102,NO
CDR001031,+91-98765-32100,+91-99300-67890,2025-04-01 04:55:00,0,SMS,CT004,"Bandra West, Mumbai",351698338142294,352441474267493,102,NO
CDR001032,+91-98765-32100,+91-99300-67890,2025-03-29 11:42:00,134,VOICE,CT006,"Andheri East, Mumbai",355197532457626,357963282792465,102,NO
CDR001033,+91-98765-32100,+91-99300-67890,2025-03-26 09:42:00,0,SMS,CT005,"Meerut City, UP",351163520327555,352760919825741,102,NO
CDR001034,+91-98765-32100,+91-99300-67890,2025-03-25 18:34:00,97,VOICE,CT004,"Bandra West, Mumbai",357141516584510,352210669092993,102,NO
CDR001035,+91-98765-32100,+91-99300-67890,2025-04-03 09:15:00,110,VOICE,CT006,"Andheri East, Mumbai",351139710736463,356268011903574,102,NO
CDR001036,+91-98765-32100,+91-99300-67890,2025-04-03 22:42:00,165,VOICE,CT002,"Karol Bagh, Delhi",353733975277719,355957561986265,102,NO
CDR001037,+91-98765-32100,+91-99300-67890,2025-03-31 10:13:00,381,VOICE,CT006,"Andheri East, Mumbai",359891716104934,355417324608608,102,YES
CDR001038,+91-98765-32100,+91-99300-67890,2025-04-03 15:58:00,354,VOICE,CT001,"Rohini Sector 7, Delhi",351774282445811,356866940554958,102,YES
CDR001039,+91-98110-99999,+91-98765-32100,2025-04-23 19:10:00,0,SMS,CT008,"MG Road, Gurgaon",351169912801200,352323330421832,102,NO
CDR001040,+91-98110-99999,+91-98765-32100,2025-04-30 10:44:00,457,VOICE,CT003,"Okhla Phase II, Delhi",353605123258594,353243818848407,102,YES
CDR001041,+91-98110-99999,+91-98765-32100,2025-04-21 10:19:00,213,VOICE,CT006,"Andheri East, Mumbai",357219554139843,355165817118389,102,NO
CDR001042,+91-98110-99999,+91-98765-32100,2025-04-30 05:10:00,0,SMS,CT003,"Okhla Phase II, Delhi",354152612451898,358245312684841,102,NO
CDR001043,+91-98110-99999,+91-98765-32100,2025-04-29 13:42:00,111,VOICE,CT004,"Bandra West, Mumbai",357726383052711,351682350760592,102,NO
CDR001044,+91-98110-99999,+91-98765-32100,2025-04-30 03:30:00,448,VOICE,CT004,"Bandra West, Mumbai",359099958073842,356370210891491,102,YES
CDR001045,+91-98110-99999,+91-98765-32100,2025-04-29 18:50:00,42,VOICE,CT004,"Bandra West, Mumbai",354400153952090,356774147444176,102,NO
CDR001046,+91-98110-99999,+91-98765-32100,2025-04-23 23:55:00,209,VOICE,CT002,"Karol Bagh, Delhi",359962056922549,356826278682407,102,NO
CDR001047,+91-98110-99999,+91-98765-32100,2025-05-01 00:01:00,121,VOICE,CT002,"Karol Bagh, Delhi",355672853768314,352907129792834,102,NO
CDR001048,+91-98110-99999,+91-98765-32100,2025-04-27 08:27:00,253,VOICE,CT006,"Andheri East, Mumbai",353033716076333,354343960983085,102,NO
CDR001049,+91-98110-99999,+91-98765-32100,2025-04-23 17:02:00,296,VOICE,CT007,"Salt Lake, Kolkata",354468918935363,358586476564054,102,NO
CDR001050,+91-98110-99999,+91-98765-32100,2025-04-21 17:42:00,369,VOICE,CT006,"Andheri East, Mumbai",353194075518867,359921936948112,102,YES
CDR001051,+91-98110-99999,+91-98765-32100,2025-04-24 07:42:00,236,VOICE,CT007,"Salt Lake, Kolkata",356204199882790,353240059144699,102,NO
CDR001052,+91-98110-99999,+91-98765-32100,2025-04-23 01:26:00,345,VOICE,CT007,"Salt Lake, Kolkata",356293843997145,351007875789648,102,YES
CDR001053,+91-98110-99999,+91-98765-32100,2025-04-24 05:18:00,0,SMS,CT004,"Bandra West, Mumbai",359179001781498,358780083229540,102,NO
CDR001054,+91-98110-99999,+91-98765-32100,2025-04-28 04:13:00,367,VOICE,CT008,"MG Road, Gurgaon",355991116192008,352642117129691,102,YES
CDR001055,+91-98110-99999,+91-98765-32100,2025-04-29 17:48:00,145,VOICE,CT004,"Bandra West, Mumbai",354503862507510,351430129610059,102,NO
CDR001056,+91-98110-99999,+91-98765-32100,2025-04-21 11:15:00,263,VOICE,CT008,"MG Road, Gurgaon",357754679408039,358028689830037,102,NO
CDR001057,+91-98110-99999,+91-98765-32100,2025-04-23 14:09:00,428,VOICE,CT001,"Rohini Sector 7, Delhi",354850116686227,359171252408595,102,YES
CDR001058,+91-98110-99999,+91-98765-32100,2025-04-21 12:35:00,263,VOICE,CT004,"Bandra West, Mumbai",359881528598830,359353116515888,102,NO
CDR001059,+91-98110-99999,+91-94221-11111,2025-05-27 15:53:00,0,SMS,CT005,"Meerut City, UP",355207464846825,358736415487151,103,NO
CDR001060,+91-98110-99999,+91-94221-11111,2025-05-25 19:45:00,169,VOICE,CT005,"Meerut City, UP",356623554644664,353431297567947,103,NO
CDR001061,+91-98110-99999,+91-94221-11111,2025-05-26 14:14:00,391,VOICE,CT007,"Salt Lake, Kolkata",352130495319468,358170082261076,103,YES
CDR001062,+91-98110-99999,+91-94221-11111,2025-05-28 12:34:00,0,SMS,CT008,"MG Road, Gurgaon",354638104728924,358390920989454,103,NO
CDR001063,+91-98110-99999,+91-94221-11111,2025-05-29 03:57:00,0,SMS,CT001,"Rohini Sector 7, Delhi",351105127827462,357188801950832,103,NO
CDR001064,+91-98110-99999,+91-94221-11111,2025-05-28 04:48:00,0,SMS,CT007,"Salt Lake, Kolkata",354882211538662,354858977561465,103,NO
CDR001065,+91-98110-99999,+91-94221-11111,2025-05-27 21:27:00,229,VOICE,CT008,"MG Road, Gurgaon",352473290184959,358540428193214,103,NO
CDR001066,+91-98110-99999,+91-94221-11111,2025-05-26 10:55:00,55,VOICE,CT008,"MG Road, Gurgaon",357666906606244,354720847647336,103,NO
CDR001067,+91-98110-99999,+91-94221-11111,2025-05-29 20:20:00,0,SMS,CT006,"Andheri East, Mumbai",355438511823921,352442399959248,103,NO
CDR001068,+91-98110-99999,+91-94221-11111,2025-05-30 00:01:00,144,VOICE,CT001,"Rohini Sector 7, Delhi",352209678157815,351707173901475,103,NO
CDR001069,+91-98110-99999,+91-94221-11111,2025-06-02 01:01:00,459,VOICE,CT004,"Bandra West, Mumbai",355196837525387,359328483701908,103,YES
CDR001070,+91-98110-99999,+91-94221-11111,2025-06-01 03:07:00,0,SMS,CT004,"Bandra West, Mumbai",355508424872688,357488694419229,103,NO
CDR001071,+91-98110-99999,+91-94221-11111,2025-05-26 18:38:00,189,VOICE,CT002,"Karol Bagh, Delhi",357605480054946,354490584409120,103,NO
CDR001072,+91-98110-99999,+91-94221-11111,2025-05-25 19:37:00,386,VOICE,CT004,"Bandra West, Mumbai",356307602390708,351724915898950,103,YES
CDR001073,+91-98110-99999,+91-94221-11111,2025-05-28 16:34:00,65,VOICE,CT007,"Salt Lake, Kolkata",351220508908844,358390992648653,103,NO
CDR001074,+91-98110-44501,+91-76543-21000,2025-06-08 14:23:00,252,VOICE,CT008,"MG Road, Gurgaon",355753027522713,359507362305763,105,NO
CDR001075,+91-98110-44501,+91-76543-21000,2025-06-08 23:27:00,466,VOICE,CT005,"Meerut City, UP",352524432593212,355288313541261,105,YES
CDR001076,+91-98110-44501,+91-76543-21000,2025-06-12 00:29:00,44,VOICE,CT007,"Salt Lake, Kolkata",354196851593446,354730125623965,105,NO
CDR001077,+91-98110-44501,+91-76543-21000,2025-06-07 18:51:00,173,VOICE,CT005,"Meerut City, UP",354362736323263,355243795393319,105,NO
CDR001078,+91-98110-44501,+91-76543-21000,2025-06-11 16:26:00,383,VOICE,CT008,"MG Road, Gurgaon",359635941604803,352636456599029,105,YES
CDR001079,+91-98110-44501,+91-76543-21000,2025-06-07 03:14:00,186,VOICE,CT007,"Salt Lake, Kolkata",359325231550423,358483309456386,105,NO
CDR001080,+91-98110-44501,+91-76543-21000,2025-06-11 22:35:00,389,VOICE,CT006,"Andheri East, Mumbai",355765067552342,355420838283303,105,YES
CDR001081,+91-98110-44501,+91-76543-21000,2025-06-06 11:07:00,91,VOICE,CT004,"Bandra West, Mumbai",354258549440264,354806163686472,105,NO
CDR001082,+91-98110-44501,+91-76543-21000,2025-06-11 21:30:00,81,VOICE,CT005,"Meerut City, UP",354418075111911,354999886921446,105,NO
CDR001083,+91-98110-44501,+91-76543-21000,2025-06-07 20:11:00,392,VOICE,CT005,"Meerut City, UP",353227087152081,351800042075259,105,YES
CDR001084,+91-98110-44501,+91-76543-21000,2025-06-04 13:35:00,356,VOICE,CT005,"Meerut City, UP",352805994572272,351218496667539,105,YES
CDR001085,+91-98110-44501,+91-76543-21000,2025-06-10 02:18:00,0,SMS,CT008,"MG Road, Gurgaon",356993371177023,355441216845401,105,NO
CDR001086,+91-98110-44501,+91-76543-21000,2025-06-14 00:55:00,450,VOICE,CT008,"MG Road, Gurgaon",358048321980643,352303487126097,105,YES
CDR001087,+91-98110-44501,+91-76543-21000,2025-06-10 03:40:00,106,VOICE,CT001,"Rohini Sector 7, Delhi",356347015779834,353084125110594,105,NO
CDR001088,+91-98110-44501,+91-76543-21000,2025-06-09 22:48:00,427,VOICE,CT007,"Salt Lake, Kolkata",357693803479115,356228876671470,105,YES
CDR001089,+91-98110-44501,+91-76543-21000,2025-06-13 04:37:00,321,VOICE,CT007,"Salt Lake, Kolkata",352059229246859,352746935381557,105,YES
CDR001090,+91-98110-44501,+91-76543-21000,2025-06-12 03:13:00,368,VOICE,CT004,"Bandra West, Mumbai",353762012668852,354054751960553,105,YES
CDR001091,+91-98110-44501,+91-76543-21000,2025-06-09 21:04:00,239,VOICE,CT003,"Okhla Phase II, Delhi",359266067477154,351572481599504,105,NO
CDR001092,+91-98110-44501,+91-76543-21000,2025-06-06 11:18:00,0,SMS,CT005,"Meerut City, UP",358478387689394,352254741350632,105,NO
CDR001093,+91-98110-44501,+91-76543-21000,2025-06-04 15:10:00,254,VOICE,CT005,"Meerut City, UP",359242576335907,356350192132982,105,NO
CDR001094,+91-98110-44501,+91-76543-21000,2025-06-11 11:25:00,0,SMS,CT005,"Meerut City, UP",352414924400409,351702648217158,105,NO
CDR001095,+91-99300-67890,+91-76543-21000,2025-06-27 10:38:00,76,VOICE,CT005,"Meerut City, UP",355740876904871,351706849598507,105,NO
CDR001096,+91-99300-67890,+91-76543-21000,2025-07-02 03:48:00,0,SMS,CT003,"Okhla Phase II, Delhi",354192355374329,359653561289564,105,NO
CDR001097,+91-99300-67890,+91-76543-21000,2025-06-24 23:30:00,0,SMS,CT006,"Andheri East, Mumbai",356649313542910,352841124204212,105,NO
CDR001098,+91-99300-67890,+91-76543-21000,2025-07-03 03:10:00,0,SMS,CT006,"Andheri East, Mumbai",359717467949323,358047805940798,105,NO
CDR001099,+91-99300-67890,+91-76543-21000,2025-07-02 16:48:00,0,SMS,CT001,"Rohini Sector 7, Delhi",356532296091173,356687620744706,105,NO
CDR001100,+91-99300-67890,+91-76543-21000,2025-06-25 05:49:00,366,VOICE,CT007,"Salt Lake, Kolkata",358269068838141,354298767688102,105,YES
CDR001101,+91-99300-67890,+91-76543-21000,2025-06-29 12:23:00,0,SMS,CT008,"MG Road, Gurgaon",351909502233968,355695273530516,105,NO
CDR001102,+91-99300-67890,+91-76543-21000,2025-06-29 20:08:00,0,SMS,CT005,"Meerut City, UP",353136680567437,355212500976436,105,NO
CDR001103,+91-99300-67890,+91-76543-21000,2025-07-01 13:10:00,312,VOICE,CT005,"Meerut City, UP",352638134846457,359117975501245,105,YES
CDR001104,+91-99300-67890,+91-76543-21000,2025-06-25 06:41:00,0,SMS,CT003,"Okhla Phase II, Delhi",359951965380718,355809098124110,105,NO
CDR001105,+91-99300-67890,+91-76543-21000,2025-06-28 10:53:00,0,SMS,CT008,"MG Road, Gurgaon",359032635659779,353544988304704,105,NO
CDR001106,+91-99300-67890,+91-76543-21000,2025-06-28 02:12:00,171,VOICE,CT003,"Okhla Phase II, Delhi",358300819109133,359932620228895,105,NO
CDR001107,+91-99300-67890,+91-76543-21000,2025-06-26 20:52:00,401,VOICE,CT001,"Rohini Sector 7, Delhi",358856133396834,359519233333939,105,YES
CDR001108,+91-99300-67890,+91-76543-21000,2025-06-27 16:21:00,0,SMS,CT007,"Salt Lake, Kolkata",356664773466066,354319449663319,105,NO
CDR001109,+91-99300-67890,+91-76543-21000,2025-07-01 10:15:00,468,VOICE,CT007,"Salt Lake, Kolkata",358227465930031,356596529850410,105,YES
CDR001110,+91-99300-67890,+91-76543-21000,2025-07-01 22:30:00,0,SMS,CT007,"Salt Lake, Kolkata",359710846963663,351652683951118,105,NO
CDR001111,+91-99300-67890,+91-76543-21000,2025-06-25 08:32:00,477,VOICE,CT006,"Andheri East, Mumbai",358747455451376,359039794128063,105,YES
CDR001112,+91-99300-67890,+91-76543-21000,2025-06-24 03:46:00,0,SMS,CT003,"Okhla Phase II, Delhi",353718585263795,359259543495100,105,NO
CDR001113,+91-99300-67890,+91-76543-21000,2025-07-02 08:16:00,0,SMS,CT006,"Andheri East, Mumbai",352411540300274,356780389317215,105,NO
CDR001114,+91-99300-67890,+91-76543-21000,2025-07-03 02:43:00,350,VOICE,CT007,"Salt Lake, Kolkata",359584606263358,355127757436333,105,YES
CDR001115,+91-99300-67890,+91-76543-21000,2025-06-30 17:43:00,412,VOICE,CT005,"Meerut City, UP",358632545061277,352735073748833,105,YES
CDR001116,+91-99300-67890,+91-76543-21000,2025-07-02 02:40:00,0,SMS,CT002,"Karol Bagh, Delhi",351807578179167,356158496752738,105,NO
CDR001117,+91-96000-12345,+91-81111-55555,2025-05-15 13:15:00,117,VOICE,CT007,"Salt Lake, Kolkata",352388026353770,355237771794539,104,NO
CDR001118,+91-96000-12345,+91-81111-55555,2025-05-19 07:58:00,266,VOICE,CT003,"Okhla Phase II, Delhi",355469505767365,355490214664577,104,NO
CDR001119,+91-96000-12345,+91-81111-55555,2025-05-21 02:00:00,376,VOICE,CT008,"MG Road, Gurgaon",353781191461650,358769913072912,104,YES
CDR001120,+91-96000-12345,+91-81111-55555,2025-05-17 16:37:00,0,SMS,CT005,"Meerut City, UP",355401011385071,354501695948928,104,NO
CDR001121,+91-96000-12345,+91-81111-55555,2025-05-18 02:54:00,151,VOICE,CT008,"MG Road, Gurgaon",356195618841656,355829243213437,104,NO
CDR001122,+91-96000-12345,+91-81111-55555,2025-05-14 02:36:00,0,SMS,CT001,"Rohini Sector 7, Delhi",356037579746851,357201082079657,104,NO
CDR001123,+91-96000-12345,+91-81111-55555,2025-05-16 08:40:00,377,VOICE,CT004,"Bandra West, Mumbai",356433302948126,358755803025524,104,YES
CDR001124,+91-96000-12345,+91-81111-55555,2025-05-14 08:37:00,76,VOICE,CT006,"Andheri East, Mumbai",356192227315290,354089866058016,104,NO
CDR001125,+91-96000-12345,+91-81111-55555,2025-05-16 03:08:00,455,VOICE,CT006,"Andheri East, Mumbai",355519012308314,359478025730814,104,YES
CDR001126,+91-96000-12345,+91-81111-55555,2025-05-22 14:18:00,269,VOICE,CT006,"Andheri East, Mumbai",352326985522395,354972700868318,104,NO
CDR001127,+91-96000-12345,+91-81111-55555,2025-05-23 04:43:00,76,VOICE,CT007,"Salt Lake, Kolkata",357944063103524,355651509361757,104,NO
CDR001128,+91-96000-12345,+91-81111-55555,2025-05-19 17:07:00,374,VOICE,CT008,"MG Road, Gurgaon",352904265979267,355113182103200,104,YES
CDR001129,+91-96000-12345,+91-81111-55555,2025-05-19 00:01:00,361,VOICE,CT006,"Andheri East, Mumbai",359168271261496,353050453017563,104,YES
CDR001130,+91-87654-32100,+91-94221-11111,2025-03-05 05:31:00,150,VOICE,CT002,"Karol Bagh, Delhi",357833875640590,357526003707718,103,NO
CDR001131,+91-87654-32100,+91-94221-11111,2025-03-09 03:47:00,242,VOICE,CT007,"Salt Lake, Kolkata",352742274623030,359610695145706,103,NO
CDR001132,+91-87654-32100,+91-94221-11111,2025-03-08 13:26:00,383,VOICE,CT005,"Meerut City, UP",354819817340220,358823039761871,103,YES
CDR001133,+91-87654-32100,+91-94221-11111,2025-03-04 12:54:00,381,VOICE,CT006,"Andheri East, Mumbai",357312076467872,358001056753141,103,YES
CDR001134,+91-87654-32100,+91-94221-11111,2025-03-04 22:12:00,0,SMS,CT002,"Karol Bagh, Delhi",351377832968774,355283514805026,103,NO
CDR001135,+91-87654-32100,+91-94221-11111,2025-03-03 08:50:00,454,VOICE,CT004,"Bandra West, Mumbai",355101134113817,355874800059555,103,YES
CDR001136,+91-87654-32100,+91-94221-11111,2025-03-11 03:09:00,438,VOICE,CT003,"Okhla Phase II, Delhi",352933484742631,353315098097457,103,YES
CDR001137,+91-87654-32100,+91-94221-11111,2025-03-02 03:22:00,38,VOICE,CT004,"Bandra West, Mumbai",355665082865198,353229313078707,103,NO
CDR001138,+91-87654-32100,+91-94221-11111,2025-03-09 21:26:00,273,VOICE,CT002,"Karol Bagh, Delhi",352918105190148,359862458880155,103,NO
CDR001139,+91-87654-32100,+91-94221-11111,2025-03-04 08:39:00,264,VOICE,CT001,"Rohini Sector 7, Delhi",352069580647685,359426719764926,103,NO
CDR001140,+91-87654-32100,+91-98110-44501,2025-06-21 07:06:00,0,SMS,CT008,"MG Road, Gurgaon",356665408855900,353609657766229,101,NO
CDR001141,+91-87654-32100,+91-98110-44501,2025-06-14 16:08:00,225,VOICE,CT005,"Meerut City, UP",356186304250534,359892530995603,101,NO
CDR001142,+91-87654-32100,+91-98110-44501,2025-06-20 10:27:00,466,VOICE,CT002,"Karol Bagh, Delhi",354783288481694,358943241666626,101,YES
CDR001143,+91-87654-32100,+91-98110-44501,2025-06-23 11:14:00,453,VOICE,CT007,"Salt Lake, Kolkata",358015629357321,356497966529455,101,YES
CDR001144,+91-87654-32100,+91-98110-44501,2025-06-18 13:20:00,108,VOICE,CT005,"Meerut City, UP",352178858004178,352636749176924,101,NO
CDR001145,+91-87654-32100,+91-98110-44501,2025-06-18 14:06:00,314,VOICE,CT006,"Andheri East, Mumbai",356800618261354,353150361333081,101,YES
CDR001146,+91-87654-32100,+91-98110-44501,2025-06-18 09:22:00,177,VOICE,CT007,"Salt Lake, Kolkata",356495841913300,352822576442385,101,NO
CDR001147,+91-87654-32100,+91-98110-44501,2025-06-20 03:32:00,366,VOICE,CT004,"Bandra West, Mumbai",354944850965432,352906309529903,101,YES
CDR001148,+91-87654-32100,+91-98110-44501,2025-06-17 17:54:00,420,VOICE,CT006,"Andheri East, Mumbai",351461952679740,355705967625190,101,YES
CDR001149,+91-87654-32100,+91-98110-44501,2025-06-14 07:11:00,203,VOICE,CT005,"Meerut City, UP",351108881816528,358050864606439,101,NO
CDR001150,+91-87654-32100,+91-98110-44501,2025-06-14 17:09:00,412,VOICE,CT001,"Rohini Sector 7, Delhi",354786144593569,358384664524491,101,YES
CDR001151,+91-87654-32100,+91-98110-44501,2025-06-18 20:21:00,189,VOICE,CT003,"Okhla Phase II, Delhi",356706815800168,353736120120736,101,NO
CDR001152,+91-87654-32100,+91-98110-44501,2025-06-15 16:48:00,169,VOICE,CT001,"Rohini Sector 7, Delhi",359544511081322,358776498177357,101,NO
CDR001153,+91-87654-32100,+91-98110-44501,2025-06-18 10:17:00,206,VOICE,CT004,"Bandra West, Mumbai",352951761617384,356427409007382,101,NO
CDR001154,+91-87654-32100,+91-98110-44501,2025-06-14 11:14:00,33,VOICE,CT007,"Salt Lake, Kolkata",356300867633911,354719206847073,101,NO
CDR001155,+91-87654-32100,+91-98110-44501,2025-06-22 04:08:00,197,VOICE,CT005,"Meerut City, UP",351133659315030,354089931135034,101,NO
CDR001156,+91-87654-32100,+91-98110-44501,2025-06-15 09:24:00,66,VOICE,CT004,"Bandra West, Mumbai",351746216385445,351328291063411,101,NO
CDR001157,+91-87654-32100,+91-98110-44501,2025-06-18 21:58:00,324,VOICE,CT002,"Karol Bagh, Delhi",358347143463689,353024173054770,101,YES
CDR001158,+91-87654-32100,+91-98110-44501,2025-06-18 07:01:00,440,VOICE,CT006,"Andheri East, Mumbai",352547742372041,355278242105528,101,YES
CDR001159,+91-87654-32100,+91-98110-44501,2025-06-18 15:37:00,232,VOICE,CT007,"Salt Lake, Kolkata",356458347339815,356973207748790,101,NO
CDR001160,+91-87654-32100,+91-98110-44501,2025-06-16 08:21:00,291,VOICE,CT003,"Okhla Phase II, Delhi",353008469406471,359970170644414,101,NO
CDR001161,+91-99300-67890,+91-81111-55555,2026-04-04 00:42:13,75,VOICE,CT006,"Andheri East, Mumbai",354050274056097,353691236811244,,NO
CDR001162,+91-98765-32100,+91-70011-12345,2026-07-22 19:32:13,0,SMS,CT008,"MG Road, Gurgaon",353655647595154,352200184642523,,NO
CDR001163,+91-98110-44501,+91-81111-55555,2026-07-29 11:35:13,0,SMS,CT002,"Karol Bagh, Delhi",357485644957878,356050158682634,,NO
CDR001164,+91-76543-21000,+91-87654-32100,2026-03-11 08:11:13,0,SMS,CT001,"Rohini Sector 7, Delhi",359819610669796,358924480406654,,NO
CDR001165,+91-98765-32100,+91-81111-55555,2025-12-25 05:18:13,122,VOICE,CT002,"Karol Bagh, Delhi",358730902418078,353794347836695,,NO
CDR001166,+91-94221-11111,+91-76543-21000,2025-12-31 18:14:13,0,SMS,CT007,"Salt Lake, Kolkata",352156783510637,352663568354585,,NO
CDR001167,+91-76543-21000,+91-94221-11111,2026-05-24 00:10:13,179,VOICE,CT005,"Meerut City, UP",356456110934764,353269426179012,,NO
CDR001168,+91-98765-32100,+91-94221-11111,2026-02-08 19:17:13,0,SMS,CT007,"Salt Lake, Kolkata",352642938349259,359943940426773,,NO
CDR001169,+91-81111-55555,+91-98110-44501,2026-03-07 03:54:13,0,SMS,CT006,"Andheri East, Mumbai",354377932812366,353723600104380,,NO
CDR001170,+91-98765-32100,+91-94221-11111,2026-05-26 16:41:13,162,VOICE,CT002,"Karol Bagh, Delhi",353711742363297,354178972645504,,NO
CDR001171,+91-70011-12345,+91-87654-32100,2026-06-09 19:19:13,0,SMS,CT001,"Rohini Sector 7, Delhi",355116506800494,355207066543220,,NO
CDR001172,+91-94221-11111,+91-87654-32100,2026-07-18 12:22:13,0,SMS,CT004,"Bandra West, Mumbai",359844977792090,358363839367892,,NO
CDR001173,+91-70011-12345,+91-99300-67890,2025-12-31 18:03:13,0,SMS,CT003,"Okhla Phase II, Delhi",357532104593614,353194089051315,,NO
CDR001174,+91-94221-11111,+91-98765-32100,2026-07-23 13:42:13,0,SMS,CT003,"Okhla Phase II, Delhi",358695855745611,354908035861079,,NO
CDR001175,+91-87654-32100,+91-81111-55555,2026-01-01 10:05:13,0,SMS,CT001,"Rohini Sector 7, Delhi",355146249593009,357593125292044,,NO
CDR001176,+91-99300-67890,+91-98110-44501,2026-05-25 01:41:13,19,VOICE,CT006,"Andheri East, Mumbai",359314325516637,359253662430412,,NO
CDR001177,+91-87654-32100,+91-98110-44501,2026-04-15 04:26:13,48,VOICE,CT002,"Karol Bagh, Delhi",358445445085316,355180240565865,,NO
CDR001178,+91-94221-11111,+91-98765-32100,2026-07-07 18:23:13,169,VOICE,CT001,"Rohini Sector 7, Delhi",352105769883125,359795685631174,,NO
CDR001179,+91-98110-44501,+91-99300-67890,2026-07-11 22:12:13,0,SMS,CT003,"Okhla Phase II, Delhi",355232058119910,358329665188981,,NO
CDR001180,+91-70011-12345,+91-98765-32100,2026-08-31 15:05:13,139,VOICE,CT006,"Andheri East, Mumbai",351358862350105,351766523393488,,NO
CDR001181,+91-76543-21000,+91-81111-55555,2026-06-04 23:55:13,71,VOICE,CT005,"Meerut City, UP",352823764476616,353346480300166,,NO
CDR001182,+91-98110-44501,+91-81111-55555,2026-07-30 20:03:13,171,VOICE,CT006,"Andheri East, Mumbai",352108680749807,359052821465982,,NO
CDR001183,+91-98110-44501,+91-94221-11111,2026-03-16 22:53:13,89,VOICE,CT004,"Bandra West, Mumbai",358007305215431,359330273886025,,NO
CDR001184,+91-94221-11111,+91-98110-44501,2026-06-04 23:28:13,0,SMS,CT004,"Bandra West, Mumbai",356839676900044,353187311810073,,NO
CDR001185,+91-81111-55555,+91-76543-21000,2026-06-20 07:44:13,0,SMS,CT007,"Salt Lake, Kolkata",357461767659875,355692334560036,,NO
CDR001186,+91-98765-32100,+91-76543-21000,2026-03-07 14:51:13,0,SMS,CT002,"Karol Bagh, Delhi",352805265856915,356768484971888,,NO
CDR001187,+91-87654-32100,+91-76543-21000,2026-06-02 11:35:13,0,SMS,CT003,"Okhla Phase II, Delhi",357205848098668,355829411295939,,NO
CDR001188,+91-98110-44501,+91-98765-32100,2026-08-24 21:16:13,0,SMS,CT007,"Salt Lake, Kolkata",353508394648816,351611767293985,,NO
CDR001189,+91-70011-12345,+91-98765-32100,2026-06-08 10:09:13,0,SMS,CT004,"Bandra West, Mumbai",357542828472248,358002372730508,,NO
CDR001190,+91-81111-55555,+91-94221-11111,2025-12-18 20:44:13,137,VOICE,CT004,"Bandra West, Mumbai",357809746863168,355604710720952,,NO
CDR001191,+91-94221-11111,+91-87654-32100,2026-08-13 03:40:13,0,SMS,CT004,"Bandra West, Mumbai",358950302515994,358832789280963,,NO
CDR001192,+91-98765-32100,+91-81111-55555,2026-05-02 07:27:13,50,VOICE,CT006,"Andheri East, Mumbai",354065050582792,357359960498083,,NO
CDR001193,+91-99300-67890,+91-98765-32100,2026-04-05 12:34:13,102,VOICE,CT004,"Bandra West, Mumbai",359222151865951,353282996939736,,NO
CDR001194,+91-94221-11111,+91-76543-21000,2026-07-02 15:37:13,0,SMS,CT008,"MG Road, Gurgaon",358915943262855,357062420898992,,NO
CDR001195,+91-70011-12345,+91-76543-21000,2026-08-27 01:52:13,52,VOICE,CT001,"Rohini Sector 7, Delhi",356674347440818,357086937045938,,NO
CDR001196,+91-94221-11111,+91-98765-32100,2026-04-24 02:13:13,87,VOICE,CT005,"Meerut City, UP",359839443967107,353966280454291,,NO
CDR001197,+91-81111-55555,+91-98110-44501,2025-12-28 18:22:13,157,VOICE,CT001,"Rohini Sector 7, Delhi",358329671517556,359757568393494,,NO
CDR001198,+91-87654-32100,+91-99300-67890,2026-07-25 00:17:13,0,SMS,CT007,"Salt Lake, Kolkata",353779101165048,358311922429037,,NO
CDR001199,+91-99300-67890,+91-81111-55555,2026-05-17 21:28:13,0,SMS,CT003,"Okhla Phase II, Delhi",353299519978164,357518732419296,,NO
CDR001200,+91-98765-32100,+91-81111-55555,2026-02-05 06:01:13,0,SMS,CT004,"Bandra West, Mumbai",353479260933294,351889474033174,,NO
CDR001201,+91-94221-11111,+91-76543-21000,2026-02-24 08:32:13,157,VOICE,CT007,"Salt Lake, Kolkata",356500655361919,359762417654301,,NO
CDR001202,+91-94221-11111,+91-87654-32100,2026-06-24 14:02:13,71,VOICE,CT001,"Rohini Sector 7, Delhi",351856214164793,355948019394380,,NO
CDR001203,+91-94221-11111,+91-98110-44501,2026-02-11 06:19:13,0,SMS,CT002,"Karol Bagh, Delhi",357435592972477,358043940680060,,NO
CDR001204,+91-98110-44501,+91-99300-67890,2026-01-11 10:05:13,0,SMS,CT006,"Andheri East, Mumbai",355920099172155,353089978516181,,NO
CDR001205,+91-70011-12345,+91-98765-32100,2026-05-27 14:56:13,0,SMS,CT007,"Salt Lake, Kolkata",353537273255367,358063112899169,,NO
CDR001206,+91-98110-44501,+91-70011-12345,2026-08-27 11:42:13,0,SMS,CT006,"Andheri East, Mumbai",353458935373590,356603270461529,,NO
CDR001207,+91-70011-12345,+91-76543-21000,2026-08-21 14:07:13,0,SMS,CT005,"Meerut City, UP",356272342613487,357476882137563,,NO
CDR001208,+91-81111-55555,+91-98765-32100,2025-12-18 17:03:13,0,SMS,CT007,"Salt Lake, Kolkata",353999950684436,353600088119141,,NO
CDR001209,+91-99300-67890,+91-98110-44501,2025-12-14 11:53:13,117,VOICE,CT002,"Karol Bagh, Delhi",358263440089846,354589263368220,,NO
CDR001210,+91-76543-21000,+91-87654-32100,2026-08-27 04:08:13,93,VOICE,CT001,"Rohini Sector 7, Delhi",356520651425443,354049240745780,,NO
CDR001211,+91-87654-32100,+91-81111-55555,2026-08-09 03:48:13,0,SMS,CT006,"Andheri East, Mumbai",354956946923764,356239783909667,,NO
CDR001212,+91-94221-11111,+91-99300-67890,2026-08-07 09:08:13,0,SMS,CT008,"MG Road, Gurgaon",356060645965864,357944876907801,,NO
CDR001213,+91-81111-55555,+91-70011-12345,2026-05-01 19:38:13,98,VOICE,CT005,"Meerut City, UP",358782154364215,355512533039320,,NO
CDR001214,+91-87654-32100,+91-99300-67890,2026-04-23 01:39:13,0,SMS,CT004,"Bandra West, Mumbai",355211588367895,351890099579646,,NO
CDR001215,+91-98110-44501,+91-98765-32100,2026-08-03 01:16:13,0,SMS,CT007,"Salt Lake, Kolkata",353421377002664,353778539325978,,NO
CDR001216,+91-76543-21000,+91-87654-32100,2026-05-01 07:51:13,175,VOICE,CT008,"MG Road, Gurgaon",352575259679055,354083449238559,,NO
CDR001217,+91-76543-21000,+91-70011-12345,2026-08-15 03:32:13,0,SMS,CT001,"Rohini Sector 7, Delhi",351159074705978,352888079576076,,NO
CDR001218,+91-81111-55555,+91-94221-11111,2026-02-11 14:02:13,0,SMS,CT008,"MG Road, Gurgaon",354389901022893,352983453752619,,NO
CDR001219,+91-81111-55555,+91-70011-12345,2026-03-09 22:20:13,0,SMS,CT008,"MG Road, Gurgaon",354084616139957,352526121824371,,NO
CDR001220,+91-76543-21000,+91-98765-32100,2026-08-06 08:32:13,73,VOICE,CT003,"Okhla Phase II, Delhi",355587054407283,355141995912819,,NO
CDR001221,+91-87654-32100,+91-94221-11111,2025-12-10 06:14:13,0,SMS,CT006,"Andheri East, Mumbai",352091936605032,353081632290807,,NO
CDR001222,+91-87654-32100,+91-94221-11111,2026-08-19 20:22:13,0,SMS,CT003,"Okhla Phase II, Delhi",357465192957343,354885290231784,,NO
CDR001223,+91-99300-67890,+91-70011-12345,2026-07-25 21:11:13,105,VOICE,CT008,"MG Road, Gurgaon",357363869217878,352973813075084,,NO
CDR001224,+91-98110-44501,+91-99300-67890,2026-05-21 14:01:13,39,VOICE,CT003,"Okhla Phase II, Delhi",354614989341746,352599827334265,,NO
CDR001225,+91-87654-32100,+91-98110-44501,2026-08-24 11:02:13,154,VOICE,CT008,"MG Road, Gurgaon",356423714402614,351385358553663,,NO
CDR001226,+91-76543-21000,+91-94221-11111,2026-01-10 23:00:13,98,VOICE,CT001,"Rohini Sector 7, Delhi",352123994594419,352215021416448,,NO
CDR001227,+91-87654-32100,+91-98110-44501,2026-03-07 02:22:13,0,SMS,CT005,"Meerut City, UP",358395778131035,357729747034234,,NO
CDR001228,+91-87654-32100,+91-76543-21000,2026-02-11 18:28:13,99,VOICE,CT007,"Salt Lake, Kolkata",354140130618964,354921213763138,,NO
CDR001229,+91-94221-11111,+91-87654-32100,2026-04-01 05:02:13,0,SMS,CT007,"Salt Lake, Kolkata",353728790977712,354316898659093,,NO
CDR001230,+91-98765-32100,+91-98110-44501,2026-04-07 03:37:13,35,VOICE,CT007,"Salt Lake, Kolkata",351590961490268,351858444615735,,NO
CDR001231,+91-99300-67890,+91-98110-44501,2026-04-03 14:46:13,0,SMS,CT007,"Salt Lake, Kolkata",351995470613252,359861119409367,,NO
CDR001232,+91-94221-11111,+91-99300-67890,2026-04-05 07:29:13,0,SMS,CT006,"Andheri East, Mumbai",358272329003485,355841718784356,,NO
CDR001233,+91-98110-44501,+91-70011-12345,2025-12-29 09:14:13,0,SMS,CT007,"Salt Lake, Kolkata",357707327343247,358182973419604,,NO
CDR001234,+91-70011-12345,+91-94221-11111,2026-08-04 05:27:13,67,VOICE,CT007,"Salt Lake, Kolkata",353541364691166,359146718775486,,NO
CDR001235,+91-98110-44501,+91-76543-21000,2026-06-21 04:49:13,62,VOICE,CT007,"Salt Lake, Kolkata",352625091403599,354353636763751,,NO
CDR001236,+91-98110-44501,+91-94221-11111,2026-01-11 04:24:13,160,VOICE,CT007,"Salt Lake, Kolkata",354816331203390,354674256020520,,NO
CDR001237,+91-81111-55555,+91-94221-11111,2026-03-12 20:40:13,132,VOICE,CT001,"Rohini Sector 7, Delhi",355268830020396,354597910289811,,NO
CDR001238,+91-76543-21000,+91-99300-67890,2026-06-17 12:07:13,0,SMS,CT006,"Andheri East, Mumbai",357320683129372,355601234637645,,NO
CDR001239,+91-81111-55555,+91-87654-32100,2026-08-02 08:31:13,62,VOICE,CT008,"MG Road, Gurgaon",356503445271701,351804936700913,,NO
CDR001240,+91-99300-67890,+91-70011-12345,2026-07-06 06:42:13,0,SMS,CT001,"Rohini Sector 7, Delhi",356803343454203,357679662067747,,NO
CDR001241,+91-99300-67890,+91-87654-32100,2026-08-12 21:14:13,0,SMS,CT006,"Andheri East, Mumbai",359631765830084,353961211712424,,NO
CDR001242,+91-81111-55555,+91-70011-12345,2026-03-09 15:14:13,0,SMS,CT003,"Okhla Phase II, Delhi",352034903452215,351594955810989,,NO
CDR001243,+91-98765-32100,+91-98110-44501,2026-02-13 17:47:13,0,SMS,CT001,"Rohini Sector 7, Delhi",351159562457344,359895816663852,,NO
CDR001244,+91-87654-32100,+91-81111-55555,2026-08-10 21:33:13,0,SMS,CT001,"Rohini Sector 7, Delhi",351207925115648,355834940002134,,NO
CDR001245,+91-94221-11111,+91-98110-44501,2026-01-28 01:06:13,48,VOICE,CT007,"Salt Lake, Kolkata",354376879247925,355700216534757,,NO
CDR001246,+91-76543-21000,+91-98765-32100,2026-07-28 15:48:13,0,SMS,CT006,"Andheri East, Mumbai",356275189889023,352420980769179,,NO
CDR001247,+91-98110-44501,+91-98765-32100,2026-06-16 15:03:13,0,SMS,CT007,"Salt Lake, Kolkata",352452435032897,356827344523970,,NO
CDR001248,+91-98765-32100,+91-98110-44501,2026-08-05 05:35:13,29,VOICE,CT004,"Bandra West, Mumbai",351578352175352,356535570435972,,NO
CDR001249,+91-98110-44501,+91-99300-67890,2026-01-13 06:43:13,0,SMS,CT003,"Okhla Phase II, Delhi",355228670001302,357845531229952,,NO
CDR001250,+91-81111-55555,+91-76543-21000,2026-08-18 20:55:13,23,VOICE,CT003,"Okhla Phase II, Delhi",358688411017095,356991805873808,,NO
CDR001251,+91-76543-21000,+91-81111-55555,2026-07-23 12:47:13,0,SMS,CT001,"Rohini Sector 7, Delhi",357605406911694,354266029917764,,NO
CDR001252,+91-76543-21000,+91-98765-32100,2026-01-10 23:50:13,49,VOICE,CT005,"Meerut City, UP",356572245996573,352874154936764,,NO
CDR001253,+91-98765-32100,+91-98110-44501,2026-06-07 05:39:13,0,SMS,CT005,"Meerut City, UP",352533872437929,358581422119038,,NO
CDR001254,+91-87654-32100,+91-76543-21000,2026-01-19 09:08:13,33,VOICE,CT002,"Karol Bagh, Delhi",356707085707749,357776873067111,,NO
CDR001255,+91-98110-44501,+91-94221-11111,2026-01-17 21:30:13,0,SMS,CT007,"Salt Lake, Kolkata",353982945430360,357698797424240,,NO
CDR001256,+91-94221-11111,+91-87654-32100,2026-02-28 10:50:13,117,VOICE,CT003,"Okhla Phase II, Delhi",359518207574084,352356276225812,,NO
CDR001257,+91-81111-55555,+91-94221-11111,2026-03-15 11:39:13,0,SMS,CT004,"Bandra West, Mumbai",356356406141215,356842855006681,,NO
CDR001258,+91-76543-21000,+91-81111-55555,2026-07-13 18:11:13,0,SMS,CT008,"MG Road, Gurgaon",356283394424243,359427588485323,,NO
CDR001259,+91-81111-55555,+91-70011-12345,2026-05-03 21:17:13,0,SMS,CT007,"Salt Lake, Kolkata",359639897527631,355263966111997,,NO
CDR001260,+91-81111-55555,+91-76543-21000,2026-06-09 01:32:13,0,SMS,CT005,"Meerut City, UP",354515704967647,354163439388958,,NO
CDR001261,+91-98110-44501,+91-87654-32100,2026-05-03 19:37:13,0,SMS,CT004,"Bandra West, Mumbai",353450275849710,356328479604630,,NO
CDR001262,+91-99300-67890,+91-94221-11111,2026-06-16 00:01:13,0,SMS,CT003,"Okhla Phase II, Delhi",358360249845003,351646580032778,,NO
CDR001263,+91-81111-55555,+91-98765-32100,2026-06-04 03:14:13,166,VOICE,CT002,"Karol Bagh, Delhi",356835798335891,352861569631656,,NO
CDR001264,+91-98110-44501,+91-98765-32100,2026-08-23 21:06:13,152,VOICE,CT005,"Meerut City, UP",354889416020127,357581804501791,,NO
CDR001265,+91-76543-21000,+91-87654-32100,2025-12-17 12:39:13,0,SMS,CT003,"Okhla Phase II, Delhi",358315598176819,353040478209155,,NO
CDR001266,+91-70011-12345,+91-81111-55555,2026-07-26 04:06:13,0,SMS,CT005,"Meerut City, UP",357126697515472,352715737053610,,NO
CDR001267,+91-81111-55555,+91-98765-32100,2026-01-31 22:27:13,97,VOICE,CT005,"Meerut City, UP",352922633390933,356820368463713,,NO
CDR001268,+91-76543-21000,+91-87654-32100,2026-03-09 03:13:13,0,SMS,CT004,"Bandra West, Mumbai",358604915229891,351512800121619,,NO
CDR001269,+91-99300-67890,+91-87654-32100,2025-12-07 19:46:13,0,SMS,CT007,"Salt Lake, Kolkata",355897146555069,357434663995794,,NO
CDR001270,+91-81111-55555,+91-99300-67890,2026-04-18 19:28:13,135,VOICE,CT008,"MG Road, Gurgaon",356513187991238,357835856938123,,NO
CDR001271,+91-76543-21000,+91-98765-32100,2026-07-27 16:44:13,0,SMS,CT006,"Andheri East, Mumbai",356506723374758,355196689260157,,NO
CDR001272,+91-94221-11111,+91-98765-32100,2026-02-15 13:57:13,0,SMS,CT003,"Okhla Phase II, Delhi",358440531378428,359560667626989,,NO
CDR001273,+91-87654-32100,+91-94221-11111,2026-05-15 12:12:13,23,VOICE,CT003,"Okhla Phase II, Delhi",357317319314812,351171591854605,,NO
CDR001274,+91-87654-32100,+91-70011-12345,2026-08-20 18:04:13,0,SMS,CT004,"Bandra West, Mumbai",358312146284381,359596135888029,,NO
CDR001275,+91-70011-12345,+91-98765-32100,2026-05-02 22:50:13,67,VOICE,CT001,"Rohini Sector 7, Delhi",356078960355307,359713483275714,,NO
CDR001276,+91-94221-11111,+91-81111-55555,2026-03-26 10:39:13,0,SMS,CT001,"Rohini Sector 7, Delhi",356236628274060,358911468187738,,NO
CDR001277,+91-94221-11111,+91-81111-55555,2026-02-03 04:46:13,0,SMS,CT002,"Karol Bagh, Delhi",358531795399047,353961546460241,,NO
CDR001278,+91-81111-55555,+91-94221-11111,2026-08-25 19:25:13,0,SMS,CT005,"Meerut City, UP",353384115838248,358240394411108,,NO
CDR001279,+91-98110-44501,+91-94221-11111,2026-04-11 02:18:13,92,VOICE,CT003,"Okhla Phase II, Delhi",355354360173104,357909211817271,,NO
CDR001280,+91-87654-32100,+91-70011-12345,2026-06-15 11:37:13,0,SMS,CT005,"Meerut City, UP",358087095877465,358998814253768,,NO
CDR001281,+91-87654-32100,+91-81111-55555,2026-07-27 18:15:13,188,VOICE,CT001,"Rohini Sector 7, Delhi",357998797060797,359702513636811,,NO
CDR001282,+91-94221-11111,+91-81111-55555,2026-02-09 16:27:13,0,SMS,CT005,"Meerut City, UP",351807661767842,351285441730182,,NO
CDR001283,+91-98765-32100,+91-70011-12345,2025-12-05 10:45:13,0,SMS,CT008,"MG Road, Gurgaon",353323188214097,353797320212182,,NO
CDR001284,+91-94221-11111,+91-98765-32100,2026-01-16 09:15:13,0,SMS,CT006,"Andheri East, Mumbai",351911243991576,358551558146497,,NO
CDR001285,+91-98110-44501,+91-99300-67890,2026-02-10 15:47:13,142,VOICE,CT008,"MG Road, Gurgaon",358828350916894,351141773807907,,NO
CDR001286,+91-81111-55555,+91-98765-32100,2026-08-05 23:47:13,108,VOICE,CT007,"Salt Lake, Kolkata",352803052855293,356510886287997,,NO
CDR001287,+91-81111-55555,+91-94221-11111,2026-02-11 18:16:13,0,SMS,CT003,"Okhla Phase II, Delhi",352203204392135,353889009838466,,NO
CDR001288,+91-87654-32100,+91-81111-55555,2026-07-03 17:16:13,123,VOICE,CT004,"Bandra West, Mumbai",354821919437064,353461447755004,,NO
CDR001289,+91-98765-32100,+91-76543-21000,2026-05-15 01:48:13,0,SMS,CT006,"Andheri East, Mumbai",355364048618226,356014836426926,,NO
CDR001290,+91-98110-44501,+91-94221-11111,2026-06-23 07:14:13,23,VOICE,CT004,"Bandra West, Mumbai",359706926671083,352981637289394,,NO
CDR001291,+91-99300-67890,+91-87654-32100,2026-06-07 07:41:13,109,VOICE,CT002,"Karol Bagh, Delhi",358402669826193,354039475092038,,NO
CDR001292,+91-87654-32100,+91-98765-32100,2025-12-12 05:46:13,20,VOICE,CT001,"Rohini Sector 7, Delhi",352064819370005,359913766428917,,NO
CDR001293,+91-94221-11111,+91-76543-21000,2026-01-16 18:07:13,0,SMS,CT007,"Salt Lake, Kolkata",355879738605761,356450672545334,,NO
CDR001294,+91-98765-32100,+91-99300-67890,2026-06-23 16:13:13,0,SMS,CT003,"Okhla Phase II, Delhi",352162403497782,352018932188946,,NO
CDR001295,+91-99300-67890,+91-98765-32100,2026-07-25 17:11:13,24,VOICE,CT007,"Salt Lake, Kolkata",354091262588488,351219556335911,,NO
CDR001296,+91-70011-12345,+91-98110-44501,2026-05-31 14:06:13,0,SMS,CT003,"Okhla Phase II, Delhi",355560055965394,357541952292229,,NO
CDR001297,+91-70011-12345,+91-94221-11111,2026-05-25 10:50:13,144,VOICE,CT002,"Karol Bagh, Delhi",355625954105896,359727704558737,,NO
CDR001298,+91-87654-32100,+91-81111-55555,2026-02-28 08:43:13,0,SMS,CT001,"Rohini Sector 7, Delhi",353030328873203,351045135059218,,NO
CDR001299,+91-99300-67890,+91-98110-44501,2026-06-19 01:44:13,0,SMS,CT008,"MG Road, Gurgaon",351622158161504,354948876122485,,NO
CDR001300,+91-81111-55555,+91-99300-67890,2026-04-22 00:09:13,0,SMS,CT007,"Salt Lake, Kolkata",353101840206629,351927291775794,,NO
CDR001301,+91-70011-12345,+91-99300-67890,2026-01-09 12:28:13,0,SMS,CT001,"Rohini Sector 7, Delhi",356466826988627,352517529202265,,NO
CDR001302,+91-87654-32100,+91-98110-44501,2026-05-03 16:23:13,87,VOICE,CT006,"Andheri East, Mumbai",359161479752733,359680008035148,,NO
CDR001303,+91-70011-12345,+91-98110-44501,2026-04-03 14:55:13,172,VOICE,CT007,"Salt Lake, Kolkata",351171271263926,356896779602189,,NO
CDR001304,+91-98110-44501,+91-76543-21000,2026-03-20 13:48:13,117,VOICE,CT005,"Meerut City, UP",353508247841048,355925089045321,,NO
CDR001305,+91-98765-32100,+91-98110-44501,2026-06-13 12:20:13,0,SMS,CT004,"Bandra West, Mumbai",359890992802822,357939893896849,,NO
CDR001306,+91-98765-32100,+91-98110-44501,2026-04-05 06:49:13,90,VOICE,CT007,"Salt Lake, Kolkata",356593448659224,355782243180610,,NO
CDR001307,+91-99300-67890,+91-98765-32100,2026-01-29 01:39:13,52,VOICE,CT004,"Bandra West, Mumbai",359196728475236,358152469310553,,NO
CDR001308,+91-98765-32100,+91-81111-55555,2026-05-11 11:49:13,0,SMS,CT004,"Bandra West, Mumbai",353112490325450,353770642260679,,NO
CDR001309,+91-94221-11111,+91-98110-44501,2026-02-18 00:18:13,0,SMS,CT004,"Bandra West, Mumbai",357972259824927,351861198751712,,NO
CDR001310,+91-70011-12345,+91-98110-44501,2026-04-11 01:02:13,0,SMS,CT007,"Salt Lake, Kolkata",353460130680215,351206680067987,,NO
CDR001311,+91-98110-44501,+91-99300-67890,2026-06-28 09:16:13,171,VOICE,CT003,"Okhla Phase II, Delhi",355555182694644,351382574156849,,NO
CDR001312,+91-98765-32100,+91-99300-67890,2026-01-21 07:40:13,20,VOICE,CT008,"MG Road, Gurgaon",359112945319484,353955154986917,,NO
CDR001313,+91-87654-32100,+91-98110-44501,2026-03-03 08:46:13,0,SMS,CT007,"Salt Lake, Kolkata",354293846085649,355923213558935,,NO
CDR001314,+91-87654-32100,+91-70011-12345,2026-05-05 12:59:13,150,VOICE,CT001,"Rohini Sector 7, Delhi",352071504278887,355918114315109,,NO
CDR001315,+91-76543-21000,+91-70011-12345,2026-08-31 05:13:13,149,VOICE,CT007,"Salt Lake, Kolkata",351342716255034,357730168241696,,NO
CDR001316,+91-81111-55555,+91-87654-32100,2026-08-19 07:57:13,0,SMS,CT008,"MG Road, Gurgaon",354162257442302,356609339228176,,NO
CDR001317,+91-99300-67890,+91-98110-44501,2026-08-03 13:55:13,159,VOICE,CT005,"Meerut City, UP",355097397107092,353808796855957,,NO
CDR001318,+91-98765-32100,+91-99300-67890,2026-01-02 05:09:13,0,SMS,CT004,"Bandra West, Mumbai",357832422767579,354057351943586,,NO
CDR001319,+91-70011-12345,+91-99300-67890,2025-12-19 20:17:13,0,SMS,CT006,"Andheri East, Mumbai",354315492996931,359662821852218,,NO
CDR001320,+91-94221-11111,+91-70011-12345,2026-01-19 22:47:13,164,VOICE,CT008,"MG Road, Gurgaon",351348832128238,359407512077436,,NO
CDR001321,+91-98110-44501,+91-81111-55555,2026-05-28 19:44:13,92,VOICE,CT004,"Bandra West, Mumbai",351382507880264,357571611483744,,NO
CDR001322,+91-76543-21000,+91-98765-32100,2026-05-19 01:43:13,0,SMS,CT006,"Andheri East, Mumbai",354063674403846,354927132662601,,NO
CDR001323,+91-70011-12345,+91-76543-21000,2026-02-08 03:19:13,0,SMS,CT005,"Meerut City, UP",357887292882180,351569373002972,,NO
CDR001324,+91-70011-12345,+91-81111-55555,2026-08-16 01:54:13,200,VOICE,CT004,"Bandra West, Mumbai",355183632323273,353952014854629,,NO
CDR001325,+91-98765-32100,+91-81111-55555,2026-04-19 03:48:13,187,VOICE,CT008,"MG Road, Gurgaon",357163569246124,351846114059849,,NO
CDR001326,+91-76543-21000,+91-87654-32100,2026-07-04 13:29:13,106,VOICE,CT007,"Salt Lake, Kolkata",352784023533379,359434580500910,,NO
CDR001327,+91-99300-67890,+91-70011-12345,2025-12-22 06:34:13,91,VOICE,CT008,"MG Road, Gurgaon",352301824881349,353990765293079,,NO
CDR001328,+91-76543-21000,+91-70011-12345,2026-05-27 17:12:13,133,VOICE,CT002,"Karol Bagh, Delhi",351544191703731,353901910266527,,NO
CDR001329,+91-76543-21000,+91-70011-12345,2026-05-23 03:45:13,114,VOICE,CT001,"Rohini Sector 7, Delhi",356232479298914,352684647442155,,NO
CDR001330,+91-98110-44501,+91-76543-21000,2026-01-01 08:33:13,119,VOICE,CT008,"MG Road, Gurgaon",356180106919907,354511051275585,,NO
CDR001331,+91-98765-32100,+91-98110-44501,2026-05-03 00:03:13,39,VOICE,CT004,"Bandra West, Mumbai",359282404055955,355662878661585,,NO
CDR001332,+91-98765-32100,+91-76543-21000,2026-06-18 08:44:13,0,SMS,CT003,"Okhla Phase II, Delhi",351783598638105,358736366947672,,NO
CDR001333,+91-87654-32100,+91-94221-11111,2026-01-05 02:21:13,0,SMS,CT004,"Bandra West, Mumbai",352507948855506,357050183597253,,NO
CDR001334,+91-76543-21000,+91-99300-67890,2026-08-29 11:07:13,0,SMS,CT001,"Rohini Sector 7, Delhi",359353438065159,359376198301966,,NO
CDR001335,+91-94221-11111,+91-98765-32100,2026-08-19 16:30:13,142,VOICE,CT007,"Salt Lake, Kolkata",353592529332251,358901696958282,,NO
CDR001336,+91-70011-12345,+91-98110-44501,2026-07-15 04:25:13,170,VOICE,CT007,"Salt Lake, Kolkata",355538041174814,352180288553765,,NO
CDR001337,+91-98765-32100,+91-76543-21000,2026-04-25 14:02:13,0,SMS,CT007,"Salt Lake, Kolkata",358382111128881,358289042766057,,NO
CDR001338,+91-98765-32100,+91-94221-11111,2026-04-19 10:14:13,0,SMS,CT006,"Andheri East, Mumbai",359321967124895,354028112857507,,NO
CDR001339,+91-94221-11111,+91-76543-21000,2025-12-24 10:29:13,0,SMS,CT003,"Okhla Phase II, Delhi",356832045714972,355181968913016,,NO
CDR001340,+91-98110-44501,+91-87654-32100,2025-12-15 08:25:13,0,SMS,CT005,"Meerut City, UP",356333463123973,355931957972888,,NO
CDR001341,+91-87654-32100,+91-98765-32100,2026-05-07 21:01:13,92,VOICE,CT004,"Bandra West, Mumbai",352570435699854,358770403016115,,NO
CDR001342,+91-99300-67890,+91-76543-21000,2026-01-02 14:23:13,0,SMS,CT008,"MG Road, Gurgaon",352151734016795,358097462642133,,NO
CDR001343,+91-70011-12345,+91-98110-44501,2026-03-16 22:48:13,18,VOICE,CT003,"Okhla Phase II, Delhi",351891018662389,357343314642332,,NO
CDR001344,+91-99300-67890,+91-94221-11111,2026-08-20 10:13:13,0,SMS,CT006,"Andheri East, Mumbai",353181512989883,351539796533610,,NO
CDR001345,+91-99300-67890,+91-81111-55555,2026-03-05 13:10:13,0,SMS,CT008,"MG Road, Gurgaon",357152761128185,353874811659250,,NO
CDR001346,+91-94221-11111,+91-98765-32100,2026-06-19 22:43:13,156,VOICE,CT005,"Meerut City, UP",355733941863012,358205458701690,,NO
CDR001347,+91-87654-32100,+91-70011-12345,2026-03-29 06:11:13,88,VOICE,CT003,"Okhla Phase II, Delhi",358452951000459,357626685640524,,NO
CDR001348,+91-81111-55555,+91-87654-32100,2026-07-31 07:16:13,143,VOICE,CT005,"Meerut City, UP",351129288446020,355971893011753,,NO
CDR001349,+91-94221-11111,+91-98765-32100,2026-05-26 06:13:13,93,VOICE,CT008,"MG Road, Gurgaon",355874192991911,354312703083283,,NO
CDR001350,+91-70011-12345,+91-99300-67890,2026-05-17 18:41:13,0,SMS,CT001,"Rohini Sector 7, Delhi",351449774486530,359751663305956,,NO
CDR001351,+91-76543-21000,+91-98110-44501,2026-03-28 19:07:13,0,SMS,CT004,"Bandra West, Mumbai",359922186807242,354184968423450,,NO
CDR001352,+91-94221-11111,+91-98765-32100,2026-04-16 21:24:13,153,VOICE,CT008,"MG Road, Gurgaon",354908803779182,354927126039130,,NO
CDR001353,+91-94221-11111,+91-76543-21000,2026-04-17 15:51:13,0,SMS,CT006,"Andheri East, Mumbai",359276907846961,352252501174783,,NO
CDR001354,+91-87654-32100,+91-99300-67890,2026-05-06 10:36:13,0,SMS,CT002,"Karol Bagh, Delhi",353414419208875,354526135284302,,NO
CDR001355,+91-81111-55555,+91-76543-21000,2026-05-15 19:44:13,30,VOICE,CT008,"MG Road, Gurgaon",356851839600943,356511202495224,,NO
CDR001356,+91-87654-32100,+91-94221-11111,2026-02-24 13:23:13,32,VOICE,CT004,"Bandra West, Mumbai",358097130273701,357745149073288,,NO
CDR001357,+91-99300-67890,+91-81111-55555,2026-03-11 22:16:13,0,SMS,CT001,"Rohini Sector 7, Delhi",355379722476568,357059670509848,,NO
CDR001358,+91-94221-11111,+91-70011-12345,2026-08-19 15:52:13,0,SMS,CT002,"Karol Bagh, Delhi",352147473614282,351806697266667,,NO
CDR001359,+91-87654-32100,+91-81111-55555,2026-05-29 12:55:13,58,VOICE,CT007,"Salt Lake, Kolkata",358098773522169,355015876561877,,NO
CDR001360,+91-99300-67890,+91-70011-12345,2026-08-20 02:40:13,103,VOICE,CT004,"Bandra West, Mumbai",351660532156542,355499580917036,,NO
CDR001361,+91-98765-32100,+91-98110-44501,2026-07-06 11:57:13,41,VOICE,CT001,"Rohini Sector 7, Delhi",355447641711303,354612725171824,,NO
CDR001362,+91-98110-44501,+91-94221-11111,2026-08-28 06:12:13,165,VOICE,CT007,"Salt Lake, Kolkata",353412486249813,352846400521784,,NO
CDR001363,+91-98765-32100,+91-94221-11111,2026-08-16 04:11:13,61,VOICE,CT002,"Karol Bagh, Delhi",355629021085889,354551822503885,,NO
CDR001364,+91-81111-55555,+91-76543-21000,2025-12-25 15:04:13,63,VOICE,CT005,"Meerut City, UP",356817450154713,351048251832720,,NO
CDR001365,+91-98110-44501,+91-98765-32100,2026-02-19 00:22:13,0,SMS,CT002,"Karol Bagh, Delhi",352320752717614,359032581669387,,NO
CDR001366,+91-87654-32100,+91-98110-44501,2025-12-25 06:56:13,183,VOICE,CT002,"Karol Bagh, Delhi",358491766031015,353038986504316,,NO
CDR001367,+91-98765-32100,+91-98110-44501,2026-03-02 07:55:13,122,VOICE,CT001,"Rohini Sector 7, Delhi",352635236075343,354218402487610,,NO
CDR001368,+91-98765-32100,+91-76543-21000,2026-04-23 10:17:13,0,SMS,CT007,"Salt Lake, Kolkata",359413199572185,358420844060653,,NO
CDR001369,+91-70011-12345,+91-98765-32100,2026-02-24 00:59:13,161,VOICE,CT003,"Okhla Phase II, Delhi",354188747628564,357681299758246,,NO
CDR001370,+91-81111-55555,+91-98110-44501,2026-08-11 01:29:13,0,SMS,CT003,"Okhla Phase II, Delhi",358754182421733,352112593979322,,NO
CDR001371,+91-94221-11111,+91-81111-55555,2026-05-27 14:06:13,186,VOICE,CT001,"Rohini Sector 7, Delhi",358611091110387,359475038105056,,NO
CDR001372,+91-81111-55555,+91-76543-21000,2025-12-10 18:32:13,50,VOICE,CT003,"Okhla Phase II, Delhi",352314970396800,359648996534132,,NO
CDR001373,+91-81111-55555,+91-99300-67890,2025-12-30 13:47:13,0,SMS,CT006,"Andheri East, Mumbai",358092617241786,355135267970728,,NO
CDR001374,+91-98765-32100,+91-87654-32100,2026-01-19 13:01:13,0,SMS,CT008,"MG Road, Gurgaon",353088711579784,359753060330714,,NO
CDR001375,+91-98110-44501,+91-98765-32100,2025-12-23 15:08:13,0,SMS,CT007,"Salt Lake, Kolkata",359025882869398,356999856089417,,NO
CDR001376,+91-81111-55555,+91-98110-44501,2026-05-23 15:22:13,0,SMS,CT004,"Bandra West, Mumbai",357393733848107,358961649224562,,NO
CDR001377,+91-99300-67890,+91-98110-44501,2026-05-03 15:06:13,0,SMS,CT006,"Andheri East, Mumbai",351803615534873,353890070080828,,NO
CDR001378,+91-87654-32100,+91-70011-12345,2026-04-14 16:45:13,58,VOICE,CT007,"Salt Lake, Kolkata",357914262526213,359041104727994,,NO
CDR001379,+91-99300-67890,+91-81111-55555,2025-12-28 18:26:13,0,SMS,CT002,"Karol Bagh, Delhi",358928044716913,353368692492200,,NO
CDR001380,+91-87654-32100,+91-98110-44501,2026-08-09 14:22:13,0,SMS,CT001,"Rohini Sector 7, Delhi",354056206619642,352821617529087,,NO
CDR001381,+91-76543-21000,+91-81111-55555,2026-04-11 05:58:13,0,SMS,CT007,"Salt Lake, Kolkata",357034272686312,356175308854291,,NO
CDR001382,+91-87654-32100,+91-70011-12345,2026-08-24 07:26:13,0,SMS,CT003,"Okhla Phase II, Delhi",356522729686125,354825237817978,,NO
CDR001383,+91-94221-11111,+91-81111-55555,2026-08-19 15:17:13,173,VOICE,CT003,"Okhla Phase II, Delhi",358433932552572,351226809942012,,NO
CDR001384,+91-98765-32100,+91-98110-44501,2026-01-01 18:36:13,61,VOICE,CT007,"Salt Lake, Kolkata",353833757283142,356042220877694,,NO
CDR001385,+91-94221-11111,+91-70011-12345,2026-03-19 14:35:13,0,SMS,CT001,"Rohini Sector 7, Delhi",352801535175622,355180673434504,,NO
CDR001386,+91-94221-11111,+91-98110-44501,2026-07-06 18:53:13,0,SMS,CT007,"Salt Lake, Kolkata",351227864345350,355422715385768,,NO
CDR001387,+91-99300-67890,+91-87654-32100,2026-03-15 20:45:13,0,SMS,CT004,"Bandra West, Mumbai",358895413373742,352312897022745,,NO
CDR001388,+91-98765-32100,+91-76543-21000,2026-04-26 14:49:13,0,SMS,CT001,"Rohini Sector 7, Delhi",353830942079565,351099879533841,,NO
CDR001389,+91-81111-55555,+91-87654-32100,2026-02-21 08:11:13,23,VOICE,CT003,"Okhla Phase II, Delhi",359629882747765,357298784975911,,NO
CDR001390,+91-98765-32100,+91-81111-55555,2026-08-28 00:23:13,139,VOICE,CT004,"Bandra West, Mumbai",358315013796138,352616640366403,,NO
CDR001391,+91-81111-55555,+91-99300-67890,2026-05-23 08:51:13,0,SMS,CT004,"Bandra West, Mumbai",359355989866141,353014377473434,,NO
CDR001392,+91-81111-55555,+91-87654-32100,2025-12-25 19:29:13,92,VOICE,CT004,"Bandra West, Mumbai",357786535265438,355976681580337,,NO
CDR001393,+91-98110-44501,+91-81111-55555,2025-12-27 07:30:13,0,SMS,CT008,"MG Road, Gurgaon",354387232521552,353942464727497,,NO
CDR001394,+91-98110-44501,+91-98765-32100,2026-07-10 00:46:13,147,VOICE,CT004,"Bandra West, Mumbai",353704480963774,359074640534593,,NO
CDR001395,+91-81111-55555,+91-98110-44501,2026-01-01 03:23:13,74,VOICE,CT002,"Karol Bagh, Delhi",352239347534662,358169411301567,,NO
CDR001396,+91-76543-21000,+91-87654-32100,2026-05-14 21:57:13,0,SMS,CT007,"Salt Lake, Kolkata",353081655967319,351105376311252,,NO
CDR001397,+91-98765-32100,+91-98110-44501,2026-08-19 00:51:13,0,SMS,CT002,"Karol Bagh, Delhi",355952468829386,357710618721091,,NO
CDR001398,+91-76543-21000,+91-98110-44501,2026-03-27 02:20:13,110,VOICE,CT008,"MG Road, Gurgaon",353536753910067,357565492912005,,NO
CDR001399,+91-98110-44501,+91-70011-12345,2025-12-07 16:11:13,110,VOICE,CT002,"Karol Bagh, Delhi",352498715864531,354694980513109,,NO
CDR001400,+91-81111-55555,+91-99300-67890,2026-02-25 02:47:13,167,VOICE,CT007,"Salt Lake, Kolkata",355448876368297,353015174286582,,NO
CDR001401,+91-70011-12345,+91-98110-44501,2026-05-02 18:37:13,74,VOICE,CT008,"MG Road, Gurgaon",354470755351292,357280663180674,,NO
CDR001402,+91-70011-12345,+91-99300-67890,2026-01-09 03:53:13,0,SMS,CT002,"Karol Bagh, Delhi",358926301419231,356380131251593,,NO
CDR001403,+91-70011-12345,+91-81111-55555,2026-02-28 21:53:13,0,SMS,CT006,"Andheri East, Mumbai",355868071084976,357325800104932,,NO
CDR001404,+91-70011-12345,+91-81111-55555,2026-07-21 09:22:13,0,SMS,CT008,"MG Road, Gurgaon",359565476779588,352913629859190,,NO
CDR001405,+91-70011-12345,+91-98765-32100,2026-03-15 06:19:13,170,VOICE,CT005,"Meerut City, UP",354743450701492,351648137638635,,NO
CDR001406,+91-94221-11111,+91-87654-32100,2026-06-23 05:30:13,0,SMS,CT003,"Okhla Phase II, Delhi",353354891910082,359815268767608,,NO
CDR001407,+91-98765-32100,+91-76543-21000,2026-04-06 17:16:13,52,VOICE,CT006,"Andheri East, Mumbai",358847508137313,354148894883049,,NO
CDR001408,+91-70011-12345,+91-87654-32100,2026-03-27 12:47:13,26,VOICE,CT006,"Andheri East, Mumbai",357499420924021,351752624379359,,NO
CDR001409,+91-99300-67890,+91-81111-55555,2026-07-24 22:35:13,0,SMS,CT007,"Salt Lake, Kolkata",352813868073759,355813926678915,,NO
CDR001410,+91-94221-11111,+91-70011-12345,2026-06-10 16:14:13,0,SMS,CT007,"Salt Lake, Kolkata",357619625158544,357207970821702,,NO
CDR001411,+91-81111-55555,+91-87654-32100,2026-08-18 02:01:13,52,VOICE,CT008,"MG Road, Gurgaon",352353902501083,354720647745986,,NO
CDR001412,+91-70011-12345,+91-81111-55555,2026-07-05 08:19:13,39,VOICE,CT002,"Karol Bagh, Delhi",359428782327995,358232009234585,,NO
CDR001413,+91-98110-44501,+91-99300-67890,2026-02-25 02:13:13,141,VOICE,CT001,"Rohini Sector 7, Delhi",353583733222818,353925112868824,,NO
CDR001414,+91-94221-11111,+91-70011-12345,2026-04-28 23:46:13,124,VOICE,CT007,"Salt Lake, Kolkata",353999955922637,354198752013182,,NO
CDR001415,+91-94221-11111,+91-70011-12345,2026-01-09 04:57:13,0,SMS,CT006,"Andheri East, Mumbai",353325232853335,351288229113932,,NO
CDR001416,+91-99300-67890,+91-76543-21000,2026-03-05 13:30:13,167,VOICE,CT003,"Okhla Phase II, Delhi",351685475980730,359854210071310,,NO
CDR001417,+91-87654-32100,+91-70011-12345,2026-08-29 10:56:13,0,SMS,CT001,"Rohini Sector 7, Delhi",351763966553169,355034816644083,,NO
CDR001418,+91-87654-32100,+91-76543-21000,2026-07-10 01:49:13,132,VOICE,CT006,"Andheri East, Mumbai",355092098204677,355982522057133,,NO
