network_cluster,cluster_risk_level,case_id,fir_date,crime_type,person_name,role,phone_number,linked_phone,communication_count,vehicle_number,registration_state,city,state,bank_txn_id,amount,court_case_id,evidence_source,shared_entity_count,confidence_score,confidence_reason,linked_case,last_known_activity
Alpha,High,FIR001,2023-11-17,Vehicle Theft,Ajay Nair,Suspect,9946594733,9230744800,16,HR97BB2569,Haryana,Gurugram,Haryana,T0001,89240,HC101,FIR + CDR + FraudZen + Bail + Number Plate (Prototype Integration),1,58,Same investigation cluster,,2023-11-26
Alpha,High,FIR002,2023-03-18,Vehicle Theft,Neha Nair,Suspect,9230744800,9230744800,42,HR76AA2014,Haryana,Gurugram,Haryana,T0002,10244,HC102,FIR + CDR + FraudZen + Bail + Number Plate (Prototype Integration),3,68,Shared phone; Shared vehicle; Same investigation cluster,,2023-03-24
Alpha,High,FIR003,2023-09-03,Vehicle Theft,Arjun Reddy,Suspect,9230744800,9230744800,23,HR76AA2014,Haryana,Gurugram,Haryana,T0003,68074,HC103,FIR + CDR + FraudZen + Bail + Number Plate (Prototype Integration),3,74,Shared phone; Shared vehicle; Same investigation cluster,,2023-09-16
Alpha,High,FIR004,2023-06-24,Vehicle Theft,Vikram Singh,Suspect,9316916607,9230744800,6,HR63BB5676,Haryana,Gurugram,Haryana,T0004,63540,HC104,FIR + CDR + FraudZen + Bail + Number Plate (Prototype Integration),1,58,Same investigation cluster,,2023-06-29
Alpha,High,FIR005,2023-05-13,Vehicle Theft,Deepak Yadav,Suspect,9124437123,9230744800,34,HR76AA2014,Haryana,Gurugram,Haryana,T0005,69160,HC105,FIR + CDR + FraudZen + Bail + Number Plate (Prototype Integration),2,58,Shared vehicle; Same investigation cluster,,2023-05-29
Alpha,High,FIR006,2023-11-19,Vehicle Theft,Neha Nair,Suspect,9230744800,9230744800,16,HR76AA2014,Haryana,Gurugram,Haryana,T0006,16394,HC106,FIR + CDR + FraudZen + Bail + Number Plate (Prototype Integration),3,72,Shared phone; Shared vehicle; Same investigation cluster,,2023-11-23
Alpha,High,FIR007,2023-07-29,Vehicle Theft,Vikram Singh,Suspect,9230744800,9230744800,15,HR39BB8323,Haryana,Gurugram,Haryana,T0007,81288,HC107,FIR + CDR + FraudZen + Bail + Number Plate (Prototype Integration),2,58,Shared phone; Same investigation cluster,,2023-08-08
Alpha,High,FIR008,2023-03-13,Vehicle Theft,Deepak Yadav,Suspect,9174433688,9230744800,61,HR76AA2014,Haryana,Gurugram,Haryana,T0008,20573,HC108,FIR + CDR + FraudZen + Bail + Number Plate (Prototype Integration),2,58,Shared vehicle; Same investigation cluster,,2023-03-29
Alpha,High,FIR009,2023-07-20,Vehicle Theft,Neha Nair,Suspect,9227419531,9230744800,39,HR76AA2014,Haryana,Gurugram,Haryana,T0009,18081,HC109,FIR + CDR + FraudZen + Bail + Number Plate (Prototype Integration),2,58,Shared vehicle; Same investigation cluster,FIR001,2023-07-26
Alpha,High,FIR010,2023-01-16,Vehicle Theft,Nisha Das,Suspect,9779800587,9230744800,4,HR46BB7803,Haryana,Gurugram,Haryana,T0010,6833,HC110,FIR + CDR + FraudZen + Bail + Number Plate (Prototype Integration),1,58,Same investigation cluster,FIR005,2023-02-02
Alpha,High,FIR011,2023-05-04,Vehicle Theft,Farhan Yadav,Suspect,9230744800,9230744800,28,HR70BB6304,Haryana,Gurugram,Haryana,T0011,56422,HC111,FIR + CDR + FraudZen + Bail + Number Plate (Prototype Integration),2,58,Shared phone; Same investigation cluster,FIR005,2023-05-21
Alpha,High,FIR012,2023-09-18,Vehicle Theft,Deepak Yadav,Suspect,9230744800,9230744800,50,HR76AA2014,Haryana,Gurugram,Haryana,T0012,35262,HC112,FIR + CDR + FraudZen + Bail + Number Plate (Prototype Integration),3,72,Shared phone; Shared vehicle; Same investigation cluster,FIR009,2023-09-19
Alpha,High,FIR013,2023-09-03,Vehicle Theft,Karan Sharma,Suspect,9651098441,9230744800,50,HR76AA2014,Haryana,Gurugram,Haryana,T0013,24030,HC113,FIR + CDR + FraudZen + Bail + Number Plate (Prototype Integration),2,58,Shared vehicle; Same investigation cluster,FIR009,2023-09-26
Alpha,High,FIR014,2023-05-28,Vehicle Theft,Neha Yadav,Suspect,9164162348,9230744800,44,HR35BB4694,Haryana,Gurugram,Haryana,T0014,11284,HC114,FIR + CDR + FraudZen + Bail + Number Plate (Prototype Integration),1,58,Same investigation cluster,FIR006,2023-06-11
Alpha,High,FIR015,2023-05-19,Vehicle Theft,Neha Nair,Suspect,9760695376,9230744800,14,HR76AA2014,Haryana,Gurugram,Haryana,T0015,11017,HC115,FIR + CDR + FraudZen + Bail + Number Plate (Prototype Integration),2,58,Shared vehicle; Same investigation cluster,FIR007,2023-05-30
Alpha,High,FIR016,2023-08-27,Vehicle Theft,Karan Sharma,Suspect,9262613175,9230744800,5,HR93BB7354,Haryana,Gurugram,Haryana,T0016,28796,HC116,FIR + CDR + FraudZen + Bail + Number Plate (Prototype Integration),1,58,Same investigation cluster,FIR009,2023-09-09
Alpha,High,FIR017,2023-01-28,Vehicle Theft,Vikram Kumar,Suspect,9124437123,9230744800,30,HR76AA2014,Haryana,Gurugram,Haryana,T0017,25977,HC117,FIR + CDR + FraudZen + Bail + Number Plate (Prototype Integration),2,58,Shared vehicle; Same investigation cluster,FIR016,2023-02-17
Alpha,High,FIR018,2023-06-17,Vehicle Theft,Vikram Singh,Suspect,9613065710,9230744800,53,HR50BB2200,Haryana,Gurugram,Haryana,T0018,89503,HC118,FIR + CDR + FraudZen + Bail + Number Plate (Prototype Integration),1,58,Same investigation cluster,FIR017,2023-07-09
Alpha,High,FIR019,2023-05-05,Vehicle Theft,Nisha Das,Suspect,9174433688,9230744800,59,HR44BB5208,Haryana,Gurugram,Haryana,T0019,84126,HC119,FIR + CDR + FraudZen + Bail + Number Plate (Prototype Integration),1,58,Same investigation cluster,FIR016,2023-05-06
Alpha,High,FIR020,2023-03-13,Vehicle Theft,Karan Sharma,Suspect,9230744800,9230744800,23,HR44BB2589,Haryana,Gurugram,Haryana,T0020,38995,HC120,FIR + CDR + FraudZen + Bail + Number Plate (Prototype Integration),2,58,Shared phone; Same investigation cluster,FIR018,2023-04-05
Alpha,High,FIR021,2023-11-13,Vehicle Theft,Ajay Nair,Suspect,9230744800,9230744800,21,HR45BB4607,Haryana,Gurugram,Haryana,T0021,16453,HC121,FIR + CDR + FraudZen + Bail + Number Plate (Prototype Integration),2,58,Shared phone; Same investigation cluster,FIR013,2023-12-07
Alpha,High,FIR022,2023-02-25,Vehicle Theft,Deepak Yadav,Suspect,9867957964,9230744800,28,HR43BB4297,Haryana,Gurugram,Haryana,T0022,74551,HC122,FIR + CDR + FraudZen + Bail + Number Plate (Prototype Integration),1,58,Same investigation cluster,FIR015,2023-02-26
Alpha,High,FIR023,2023-05-16,Vehicle Theft,Arjun Reddy,Suspect,9230744800,9230744800,64,HR29BB9935,Haryana,Gurugram,Haryana,T0023,49853,HC123,FIR + CDR + FraudZen + Bail + Number Plate (Prototype Integration),2,58,Shared phone; Same investigation cluster,FIR021,2023-05-24
Alpha,High,FIR024,2023-05-13,Vehicle Theft,Ajay Nair,Suspect,9230744800,9230744800,42,HR24BB2282,Haryana,Gurugram,Haryana,T0024,34099,HC124,FIR + CDR + FraudZen + Bail + Number Plate (Prototype Integration),2,58,Shared phone; Same investigation cluster,FIR019,2023-05-16
Alpha,High,FIR025,2023-12-28,Vehicle Theft,Pooja Yadav,Suspect,9230744800,9230744800,31,HR76AA2014,Haryana,Gurugram,Haryana,T0025,11942,HC125,FIR + CDR + FraudZen + Bail + Number Plate (Prototype Integration),3,70,Shared phone; Shared vehicle; Same investigation cluster,FIR023,2024-01-07
Bravo,High,FIR026,2023-04-26,Financial Fraud,Sanjay Reddy,Suspect,9214130709,9214130709,48,AS47AA8324,Assam,Guwahati,Assam,T0026,114107,HC126,FIR + CDR + FraudZen + Bail + Number Plate (Prototype Integration),4,87,Shared phone; Shared vehicle; Financial pattern; Same investigation cluster,FIR019,2023-05-19
Bravo,High,FIR027,2023-09-19,Financial Fraud,Deepak Nair,Suspect,9819249363,9214130709,24,AS99BB4813,Assam,Guwahati,Assam,T0027,263074,HC127,FIR + CDR + FraudZen + Bail + Number Plate (Prototype Integration),2,58,Financial pattern; Same investigation cluster,FIR019,2023-10-11
Bravo,High,FIR028,2023-10-05,Financial Fraud,Deepak Nair,Suspect,9214130709,9214130709,60,AS47AA8324,Assam,Guwahati,Assam,T0028,236212,HC128,FIR + CDR + FraudZen + Bail + Number Plate (Prototype Integration),4,94,Shared phone; Shared vehicle; Financial pattern; Same investigation cluster,FIR021,2023-10-18
Bravo,High,FIR029,2023-11-22,Financial Fraud,Deepak Nair,Suspect,9772728810,9214130709,58,AS31BB4231,Assam,Guwahati,Assam,T0029,81641,HC129,FIR + CDR + FraudZen + Bail + Number Plate (Prototype Integration),2,58,Financial pattern; Same investigation cluster,FIR026,2023-12-08
Bravo,High,FIR030,2023-11-13,Financial Fraud,Meera Yadav,Suspect,9512991937,9214130709,66,AS47AA8324,Assam,Guwahati,Assam,T0030,39653,HC130,FIR + CDR + FraudZen + Bail + Number Plate (Prototype Integration),3,63,Shared vehicle; Financial pattern; Same investigation cluster,FIR029,2023-12-06
Bravo,High,FIR031,2023-03-17,Financial Fraud,Nisha Nair,Suspect,9760695376,9214130709,49,AS16BB4941,Assam,Guwahati,Assam,T0031,106856,HC131,FIR + CDR + FraudZen + Bail + Number Plate (Prototype Integration),2,58,Financial pattern; Same investigation cluster,FIR028,2023-03-29
Bravo,High,FIR032,2023-11-15,Financial Fraud,Sanjay Reddy,Suspect,9362271020,9214130709,63,AS29BB2325,Assam,Guwahati,Assam,T0032,398636,HC132,FIR + CDR + FraudZen + Bail + Number Plate (Prototype Integration),2,58,Financial pattern; Same investigation cluster,FIR030,2023-12-02
Bravo,High,FIR033,2023-04-21,Financial Fraud,Farhan Khan,Suspect,9214130709,9214130709,21,AS86BB9188,Assam,Guwahati,Assam,T0033,9174,HC133,FIR + CDR + FraudZen + Bail + Number Plate (Prototype Integration),3,69,Shared phone; Financial pattern; Same investigation cluster,FIR028,2023-05-12
Bravo,High,FIR034,2023-01-26,Financial Fraud,Imran Das,Suspect,9307815460,9214130709,16,AS47AA8324,Assam,Guwahati,Assam,T0034,270705,HC134,FIR + CDR + FraudZen + Bail + Number Plate (Prototype Integration),3,62,Shared vehicle; Financial pattern; Same investigation cluster,FIR028,2023-01-29
Bravo,High,FIR035,2023-04-15,Financial Fraud,Nisha Nair,Suspect,9819249363,9214130709,37,AS47AA8324,Assam,Guwahati,Assam,T0035,186212,HC135,FIR + CDR + FraudZen + Bail + Number Plate (Prototype Integration),3,63,Shared vehicle; Financial pattern; Same investigation cluster,FIR027,2023-04-21
Bravo,High,FIR036,2023-11-07,Financial Fraud,Rahul Patel,Suspect,9214130709,9214130709,8,AS47AA8324,Assam,Guwahati,Assam,T0036,352550,HC136,FIR + CDR + FraudZen + Bail + Number Plate (Prototype Integration),4,88,Shared phone; Shared vehicle; Financial pattern; Same investigation cluster,FIR028,2023-11-09
Bravo,High,FIR037,2023-09-18,Financial Fraud,Rahul Patel,Suspect,9980424436,9214130709,7,AS47AA8324,Assam,Guwahati,Assam,T0037,332235,HC137,FIR + CDR + FraudZen + Bail + Number Plate (Prototype Integration),3,58,Shared vehicle; Financial pattern; Same investigation cluster,FIR030,2023-10-09
Bravo,High,FIR038,2023-09-27,Financial Fraud,Pooja Sharma,Suspect,9772728810,9214130709,59,AS76BB8937,Assam,Guwahati,Assam,T0038,187238,HC138,FIR + CDR + FraudZen + Bail + Number Plate (Prototype Integration),2,58,Financial pattern; Same investigation cluster,FIR035,2023-10-01
Bravo,High,FIR039,2023-04-29,Financial Fraud,Sanjay Reddy,Suspect,9214130709,9214130709,4,AS37BB1578,Assam,Guwahati,Assam,T0039,281419,HC139,FIR + CDR + FraudZen + Bail + Number Plate (Prototype Integration),3,68,Shared phone; Financial pattern; Same investigation cluster,FIR037,2023-05-12
Bravo,High,FIR040,2023-12-07,Financial Fraud,Imran Das,Suspect,9214130709,9214130709,48,AS47AA8324,Assam,Guwahati,Assam,T0040,271499,HC140,FIR + CDR + FraudZen + Bail + Number Plate (Prototype Integration),4,89,Shared phone; Shared vehicle; Financial pattern; Same investigation cluster,FIR037,2024-01-01
Bravo,High,FIR041,2023-02-13,Financial Fraud,Sanjay Reddy,Suspect,9214130709,9214130709,17,AS47AA8324,Assam,Guwahati,Assam,T0041,287224,HC141,FIR + CDR + FraudZen + Bail + Number Plate (Prototype Integration),4,90,Shared phone; Shared vehicle; Financial pattern; Same investigation cluster,FIR034,2023-03-02
Bravo,High,FIR042,2023-06-07,Financial Fraud,Imran Das,Suspect,9760695376,9214130709,66,AS47AA8324,Assam,Guwahati,Assam,T0042,244209,HC142,FIR + CDR + FraudZen + Bail + Number Plate (Prototype Integration),3,59,Shared vehicle; Financial pattern; Same investigation cluster,FIR035,2023-06-16
Bravo,High,FIR043,2023-04-27,Financial Fraud,Nisha Nair,Suspect,9214130709,9214130709,12,AS47AA8324,Assam,Guwahati,Assam,T0043,430250,HC143,FIR + CDR + FraudZen + Bail + Number Plate (Prototype Integration),4,95,Shared phone; Shared vehicle; Financial pattern; Same investigation cluster,FIR040,2023-05-14
Bravo,High,FIR044,2023-10-30,Financial Fraud,Aman Khan,Suspect,9214130709,9214130709,32,AS13BB8902,Assam,Guwahati,Assam,T0044,94989,HC144,FIR + CDR + FraudZen + Bail + Number Plate (Prototype Integration),3,63,Shared phone; Financial pattern; Same investigation cluster,FIR036,2023-11-24
Bravo,High,FIR045,2023-09-13,Financial Fraud,Nisha Nair,Suspect,9214130709,9214130709,24,AS47AA8324,Assam,Guwahati,Assam,T0045,396580,HC145,FIR + CDR + FraudZen + Bail + Number Plate (Prototype Integration),4,92,Shared phone; Shared vehicle; Financial pattern; Same investigation cluster,FIR043,2023-10-01
Bravo,High,FIR046,2023-05-07,Financial Fraud,Pooja Sharma,Suspect,9214130709,9214130709,22,AS14BB7718,Assam,Guwahati,Assam,T0046,187762,HC146,FIR + CDR + FraudZen + Bail + Number Plate (Prototype Integration),3,65,Shared phone; Financial pattern; Same investigation cluster,FIR041,2023-05-12
Bravo,High,FIR047,2023-02-25,Financial Fraud,Ananya Das,Suspect,9214130709,9214130709,52,AS13BB1232,Assam,Guwahati,Assam,T0047,209250,HC147,FIR + CDR + FraudZen + Bail + Number Plate (Prototype Integration),3,64,Shared phone; Financial pattern; Same investigation cluster,FIR042,2023-02-27
Charlie,High,FIR048,2023-12-22,Phone Scam,Sneha Reddy,Suspect,9963277712,9772728810,33,TN40AA6500,Tamil Nadu,Chennai,Tamil Nadu,T0048,43540,HC148,FIR + CDR + FraudZen + Bail + Number Plate (Prototype Integration),2,58,Shared vehicle; Same investigation cluster,FIR045,2023-12-29
Charlie,High,FIR049,2023-06-17,Phone Scam,Pooja Sharma,Suspect,9772728810,9772728810,54,TN19BB8975,Tamil Nadu,Chennai,Tamil Nadu,T0049,5765,HC149,FIR + CDR + FraudZen + Bail + Number Plate (Prototype Integration),2,58,Shared phone; Same investigation cluster,FIR046,2023-07-06
Charlie,High,FIR050,2023-08-15,Phone Scam,Karan Reddy,Suspect,9875191871,9772728810,7,TN40AA6500,Tamil Nadu,Chennai,Tamil Nadu,T0050,22382,HC150,FIR + CDR + FraudZen + Bail + Number Plate (Prototype Integration),2,58,Shared vehicle; Same investigation cluster,FIR042,2023-08-27
Charlie,High,FIR051,2023-11-21,Phone Scam,Vikram Khan,Suspect,9772728810,9772728810,36,TN31BB5087,Tamil Nadu,Chennai,Tamil Nadu,T0051,70307,HC151,FIR + CDR + FraudZen + Bail + Number Plate (Prototype Integration),2,58,Shared phone; Same investigation cluster,FIR044,2023-12-12
Charlie,High,FIR052,2023-08-05,Phone Scam,Sanjay Kumar,Suspect,9836897226,9772728810,55,TN40AA6500,Tamil Nadu,Chennai,Tamil Nadu,T0052,62038,HC152,FIR + CDR + FraudZen + Bail + Number Plate (Prototype Integration),2,58,Shared vehicle; Same investigation cluster,FIR050,2023-08-22
Charlie,High,FIR053,2023-12-01,Phone Scam,Sneha Reddy,Suspect,9316916607,9772728810,45,TN49BB3107,Tamil Nadu,Chennai,Tamil Nadu,T0053,77616,HC153,FIR + CDR + FraudZen + Bail + Number Plate (Prototype Integration),1,58,Same investigation cluster,FIR052,2023-12-05
Charlie,High,FIR054,2023-03-27,Phone Scam,Farhan Gupta,Suspect,9875191871,9772728810,59,TN40AA6500,Tamil Nadu,Chennai,Tamil Nadu,T0054,21667,HC154,FIR + CDR + FraudZen + Bail + Number Plate (Prototype Integration),2,58,Shared vehicle; Same investigation cluster,FIR051,2023-04-10
Charlie,High,FIR055,2023-10-04,Phone Scam,Priya Das,Suspect,9760695376,9772728810,35,TN34BB2320,Tamil Nadu,Chennai,Tamil Nadu,T0055,84280,HC155,FIR + CDR + FraudZen + Bail + Number Plate (Prototype Integration),1,58,Same investigation cluster,FIR051,2023-10-23
Charlie,High,FIR056,2023-01-19,Phone Scam,Arjun Sharma,Suspect,9355640455,9772728810,53,TN40AA6500,Tamil Nadu,Chennai,Tamil Nadu,T0056,21355,HC156,FIR + CDR + FraudZen + Bail + Number Plate (Prototype Integration),2,58,Shared vehicle; Same investigation cluster,FIR052,2023-02-02
Charlie,High,FIR057,2023-02-14,Phone Scam,Aisha Gupta,Suspect,9772728810,9772728810,33,TN67BB7284,Tamil Nadu,Chennai,Tamil Nadu,T0057,57747,HC157,FIR + CDR + FraudZen + Bail + Number Plate (Prototype Integration),2,58,Shared phone; Same investigation cluster,FIR054,2023-02-15
Charlie,High,FIR058,2023-08-08,Phone Scam,Arjun Sharma,Suspect,9772728810,9772728810,42,TN15BB8107,Tamil Nadu,Chennai,Tamil Nadu,T0058,38385,HC158,FIR + CDR + FraudZen + Bail + Number Plate (Prototype Integration),2,58,Shared phone; Same investigation cluster,FIR051,2023-08-25
Charlie,High,FIR059,2023-01-18,Phone Scam,Priya Gupta,Suspect,9262613175,9772728810,28,TN40AA6500,Tamil Nadu,Chennai,Tamil Nadu,T0059,64500,HC159,FIR + CDR + FraudZen + Bail + Number Plate (Prototype Integration),2,58,Shared vehicle; Same investigation cluster,FIR051,2023-02-02
Charlie,High,FIR060,2023-12-23,Phone Scam,Sneha Reddy,Suspect,9819987632,9772728810,50,TN10BB5715,Tamil Nadu,Chennai,Tamil Nadu,T0060,53080,HC160,FIR + CDR + FraudZen + Bail + Number Plate (Prototype Integration),1,58,Same investigation cluster,FIR055,2024-01-02
Charlie,High,FIR061,2023-12-31,Phone Scam,Vikram Khan,Suspect,9362271020,9772728810,5,TN32BB3958,Tamil Nadu,Chennai,Tamil Nadu,T0061,29603,HC161,FIR + CDR + FraudZen + Bail + Number Plate (Prototype Integration),1,58,Same investigation cluster,FIR054,2024-01-09
Charlie,High,FIR062,2023-10-18,Phone Scam,Arjun Sharma,Suspect,9619119798,9772728810,50,TN67BB1435,Tamil Nadu,Chennai,Tamil Nadu,T0062,20635,HC162,FIR + CDR + FraudZen + Bail + Number Plate (Prototype Integration),1,58,Same investigation cluster,FIR054,2023-10-29
Charlie,High,FIR063,2023-03-16,Phone Scam,Pooja Sharma,Suspect,9946594733,9772728810,31,TN40AA6500,Tamil Nadu,Chennai,Tamil Nadu,T0063,69921,HC163,FIR + CDR + FraudZen + Bail + Number Plate (Prototype Integration),2,58,Shared vehicle; Same investigation cluster,FIR055,2023-03-19
Charlie,High,FIR064,2023-09-06,Phone Scam,Sneha Reddy,Suspect,9772728810,9772728810,9,TN40AA6500,Tamil Nadu,Chennai,Tamil Nadu,T0064,50597,HC164,FIR + CDR + FraudZen + Bail + Number Plate (Prototype Integration),3,73,Shared phone; Shared vehicle; Same investigation cluster,FIR063,2023-09-30
Charlie,High,FIR065,2023-01-15,Phone Scam,Priya Gupta,Suspect,9638456848,9772728810,36,TN14BB9778,Tamil Nadu,Chennai,Tamil Nadu,T0065,87799,HC165,FIR + CDR + FraudZen + Bail + Number Plate (Prototype Integration),1,58,Same investigation cluster,FIR057,2023-01-18
Charlie,High,FIR066,2023-06-22,Phone Scam,Sanjay Kumar,Suspect,9772728810,9772728810,10,TN40AA6500,Tamil Nadu,Chennai,Tamil Nadu,T0066,46108,HC166,FIR + CDR + FraudZen + Bail + Number Plate (Prototype Integration),3,73,Shared phone; Shared vehicle; Same investigation cluster,FIR061,2023-07-13
Charlie,High,FIR067,2023-01-29,Phone Scam,Sanjay Kumar,Suspect,9167860086,9772728810,35,TN63BB1696,Tamil Nadu,Chennai,Tamil Nadu,T0067,43333,HC167,FIR + CDR + FraudZen + Bail + Number Plate (Prototype Integration),1,58,Same investigation cluster,FIR060,2023-02-10
Delta,Low,FIR068,2023-10-11,Organized Robbery,Sneha Yadav,Suspect,9174433688,9174433688,4,GJ53BB4779,Gujarat,Ahmedabad,Gujarat,T0068,21125,HC168,FIR + CDR + FraudZen + Bail + Number Plate (Prototype Integration),2,58,Shared phone; Same investigation cluster,FIR066,2023-11-04
Delta,Low,FIR069,2023-04-19,Organized Robbery,Sneha Yadav,Suspect,9174433688,9174433688,20,GJ99AA8774,Gujarat,Ahmedabad,Gujarat,T0069,34019,HC169,FIR + CDR + FraudZen + Bail + Number Plate (Prototype Integration),3,75,Shared phone; Shared vehicle; Same investigation cluster,FIR063,2023-04-26
Delta,Low,FIR070,2023-04-14,Organized Robbery,Aman Patel,Suspect,9174433688,9174433688,9,GJ13BB9716,Gujarat,Ahmedabad,Gujarat,T0070,51055,HC170,FIR + CDR + FraudZen + Bail + Number Plate (Prototype Integration),2,58,Shared phone; Same investigation cluster,FIR068,2023-05-04
Delta,Low,FIR071,2023-10-22,Organized Robbery,Deepak Sharma,Suspect,9174433688,9174433688,11,GJ99AA8774,Gujarat,Ahmedabad,Gujarat,T0071,14691,HC171,FIR + CDR + FraudZen + Bail + Number Plate (Prototype Integration),3,69,Shared phone; Shared vehicle; Same investigation cluster,FIR063,2023-11-11
Delta,Low,FIR072,2023-06-26,Organized Robbery,Pooja Sharma,Suspect,9174433688,9174433688,40,GJ54BB5458,Gujarat,Ahmedabad,Gujarat,T0072,46616,HC172,FIR + CDR + FraudZen + Bail + Number Plate (Prototype Integration),2,58,Shared phone; Same investigation cluster,FIR070,2023-06-29
Delta,Low,FIR073,2023-07-04,Organized Robbery,Aman Reddy,Suspect,9174433688,9174433688,9,GJ37BB7435,Gujarat,Ahmedabad,Gujarat,T0073,36043,HC173,FIR + CDR + FraudZen + Bail + Number Plate (Prototype Integration),2,58,Shared phone; Same investigation cluster,FIR072,2023-07-06
Delta,Low,FIR074,2023-05-02,Organized Robbery,Deepak Gupta,Suspect,9772728810,9174433688,28,GJ59BB6203,Gujarat,Ahmedabad,Gujarat,T0074,21120,HC174,FIR + CDR + FraudZen + Bail + Number Plate (Prototype Integration),1,58,Same investigation cluster,FIR066,2023-05-03
Delta,Low,FIR075,2023-10-17,Organized Robbery,Pooja Gupta,Suspect,9262613175,9174433688,39,GJ99AA8774,Gujarat,Ahmedabad,Gujarat,T0075,59704,HC175,FIR + CDR + FraudZen + Bail + Number Plate (Prototype Integration),2,58,Shared vehicle; Same investigation cluster,FIR074,2023-11-03
Delta,Low,FIR076,2023-06-19,Organized Robbery,Pooja Gupta,Suspect,9174433688,9174433688,32,GJ10BB2842,Gujarat,Ahmedabad,Gujarat,T0076,44412,HC176,FIR + CDR + FraudZen + Bail + Number Plate (Prototype Integration),2,58,Shared phone; Same investigation cluster,FIR069,2023-06-29
Delta,Low,FIR077,2023-01-20,Organized Robbery,Nisha Singh,Suspect,9348286162,9174433688,56,GJ99BB5554,Gujarat,Ahmedabad,Gujarat,T0077,68058,HC177,FIR + CDR + FraudZen + Bail + Number Plate (Prototype Integration),1,58,Same investigation cluster,FIR072,2023-01-28
Delta,Low,FIR078,2023-02-02,Organized Robbery,Aisha Nair,Suspect,9772728810,9174433688,51,GJ99AA8774,Gujarat,Ahmedabad,Gujarat,T0078,73186,HC178,FIR + CDR + FraudZen + Bail + Number Plate (Prototype Integration),2,58,Shared vehicle; Same investigation cluster,FIR073,2023-02-09
Delta,Low,FIR079,2023-10-08,Organized Robbery,Aisha Nair,Suspect,9174433688,9174433688,6,GJ99AA8774,Gujarat,Ahmedabad,Gujarat,T0079,67274,HC179,FIR + CDR + FraudZen + Bail + Number Plate (Prototype Integration),3,75,Shared phone; Shared vehicle; Same investigation cluster,FIR074,2023-10-17
Delta,Low,FIR080,2023-03-13,Organized Robbery,Aman Patel,Suspect,9174433688,9174433688,44,GJ47BB2678,Gujarat,Ahmedabad,Gujarat,T0080,11999,HC180,FIR + CDR + FraudZen + Bail + Number Plate (Prototype Integration),2,58,Shared phone; Same investigation cluster,FIR077,2023-03-20
Delta,Low,FIR081,2023-09-08,Organized Robbery,Rohit Yadav,Suspect,9782167638,9174433688,8,GJ44BB9544,Gujarat,Ahmedabad,Gujarat,T0081,65025,HC181,FIR + CDR + FraudZen + Bail + Number Plate (Prototype Integration),1,58,Same investigation cluster,FIR075,2023-09-18
Delta,Low,FIR082,2023-03-30,Organized Robbery,Sneha Yadav,Suspect,9174433688,9174433688,58,GJ99AA8774,Gujarat,Ahmedabad,Gujarat,T0082,68739,HC182,FIR + CDR + FraudZen + Bail + Number Plate (Prototype Integration),3,71,Shared phone; Shared vehicle; Same investigation cluster,FIR079,2023-04-23
Delta,Low,FIR083,2023-03-01,Organized Robbery,Aman Patel,Suspect,9174433688,9174433688,24,GJ99AA8774,Gujarat,Ahmedabad,Gujarat,T0083,5565,HC183,FIR + CDR + FraudZen + Bail + Number Plate (Prototype Integration),3,74,Shared phone; Shared vehicle; Same investigation cluster,FIR078,2023-03-04
Delta,Low,FIR084,2023-03-22,Organized Robbery,Pooja Gupta,Suspect,9174433688,9174433688,11,GJ57BB2905,Gujarat,Ahmedabad,Gujarat,T0084,24910,HC184,FIR + CDR + FraudZen + Bail + Number Plate (Prototype Integration),2,58,Shared phone; Same investigation cluster,FIR076,2023-03-27
Delta,Low,FIR085,2023-01-19,Organized Robbery,Deepak Sharma,Suspect,9174433688,9174433688,62,GJ99AA8774,Gujarat,Ahmedabad,Gujarat,T0085,34352,HC185,FIR + CDR + FraudZen + Bail + Number Plate (Prototype Integration),3,72,Shared phone; Shared vehicle; Same investigation cluster,FIR081,2023-01-20
Echo,High,FIR086,2023-01-14,Cyber Crime,Rohit Khan,Suspect,9779800587,9316916607,19,DL73AA4779,Delhi,New Delhi,Delhi,T0086,134386,HC186,FIR + CDR + FraudZen + Bail + Number Plate (Prototype Integration),3,61,Shared vehicle; Financial pattern; Same investigation cluster,FIR082,2023-01-20
Echo,High,FIR087,2023-04-23,Cyber Crime,Neha Singh,Suspect,9316916607,9316916607,55,DL73AA4779,Delhi,New Delhi,Delhi,T0087,97505,HC187,FIR + CDR + FraudZen + Bail + Number Plate (Prototype Integration),4,90,Shared phone; Shared vehicle; Financial pattern; Same investigation cluster,FIR079,2023-05-15
Echo,High,FIR088,2023-10-06,Cyber Crime,Farhan Nair,Suspect,9877276846,9316916607,39,DL72BB7578,Delhi,New Delhi,Delhi,T0088,256466,HC188,FIR + CDR + FraudZen + Bail + Number Plate (Prototype Integration),2,58,Financial pattern; Same investigation cluster,FIR083,2023-10-13
Echo,High,FIR089,2023-01-27,Cyber Crime,Aman Sharma,Suspect,9760695376,9316916607,15,DL87BB5232,Delhi,New Delhi,Delhi,T0089,433161,HC189,FIR + CDR + FraudZen + Bail + Number Plate (Prototype Integration),2,58,Financial pattern; Same investigation cluster,FIR081,2023-02-18
Echo,High,FIR090,2023-06-25,Cyber Crime,Rohit Khan,Suspect,9980222397,9316916607,28,DL73AA4779,Delhi,New Delhi,Delhi,T0090,68925,HC190,FIR + CDR + FraudZen + Bail + Number Plate (Prototype Integration),3,60,Shared vehicle; Financial pattern; Same investigation cluster,FIR085,2023-06-27
Echo,High,FIR091,2023-12-16,Cyber Crime,Farhan Nair,Suspect,9991059204,9316916607,36,DL59BB6275,Delhi,New Delhi,Delhi,T0091,370665,HC191,FIR + CDR + FraudZen + Bail + Number Plate (Prototype Integration),2,58,Financial pattern; Same investigation cluster,FIR088,2023-12-18
Echo,High,FIR092,2023-05-25,Cyber Crime,Arjun Patel,Suspect,9760695376,9316916607,10,DL14BB6830,Delhi,New Delhi,Delhi,T0092,488833,HC192,FIR + CDR + FraudZen + Bail + Number Plate (Prototype Integration),2,58,Financial pattern; Same investigation cluster,FIR091,2023-06-02
Echo,High,FIR093,2023-11-17,Cyber Crime,Arjun Yadav,Suspect,9963277712,9316916607,21,DL73AA4779,Delhi,New Delhi,Delhi,T0093,75828,HC193,FIR + CDR + FraudZen + Bail + Number Plate (Prototype Integration),3,59,Shared vehicle; Financial pattern; Same investigation cluster,FIR088,2023-11-28
Echo,High,FIR094,2023-12-10,Cyber Crime,Rohit Khan,Suspect,9547875230,9316916607,58,DL96BB5468,Delhi,New Delhi,Delhi,T0094,150989,HC194,FIR + CDR + FraudZen + Bail + Number Plate (Prototype Integration),2,58,Financial pattern; Same investigation cluster,FIR092,2023-12-30
Echo,High,FIR095,2023-12-23,Cyber Crime,Aman Singh,Suspect,9316916607,9316916607,15,DL49BB5663,Delhi,New Delhi,Delhi,T0095,455205,HC195,FIR + CDR + FraudZen + Bail + Number Plate (Prototype Integration),3,69,Shared phone; Financial pattern; Same investigation cluster,FIR089,2023-12-27
Echo,High,FIR096,2023-10-04,Cyber Crime,Priya Gupta,Suspect,9316916607,9316916607,58,DL73AA4779,Delhi,New Delhi,Delhi,T0096,6390,HC196,FIR + CDR + FraudZen + Bail + Number Plate (Prototype Integration),4,87,Shared phone; Shared vehicle; Financial pattern; Same investigation cluster,FIR095,2023-10-06
Echo,High,FIR097,2023-09-13,Cyber Crime,Aman Sharma,Suspect,9980222397,9316916607,59,DL88BB1770,Delhi,New Delhi,Delhi,T0097,107103,HC197,FIR + CDR + FraudZen + Bail + Number Plate (Prototype Integration),2,58,Financial pattern; Same investigation cluster,FIR090,2023-09-28
Echo,High,FIR098,2023-02-19,Cyber Crime,Priya Gupta,Suspect,9164806396,9316916607,10,DL22BB5486,Delhi,New Delhi,Delhi,T0098,442674,HC198,FIR + CDR + FraudZen + Bail + Number Plate (Prototype Integration),2,58,Financial pattern; Same investigation cluster,FIR090,2023-03-02
Echo,High,FIR099,2023-05-19,Cyber Crime,Farhan Nair,Suspect,9316916607,9316916607,67,DL73AA4779,Delhi,New Delhi,Delhi,T0099,375535,HC199,FIR + CDR + FraudZen + Bail + Number Plate (Prototype Integration),4,89,Shared phone; Shared vehicle; Financial pattern; Same investigation cluster,FIR093,2023-06-09
Echo,High,FIR100,2023-04-20,Cyber Crime,Arjun Patel,Suspect,9164806396,9316916607,3,DL85BB9161,Delhi,New Delhi,Delhi,T0100,37952,HC200,FIR + CDR + FraudZen + Bail + Number Plate (Prototype Integration),2,58,Financial pattern; Same investigation cluster,FIR098,2023-04-24
Echo,High,FIR101,2023-01-08,Cyber Crime,Aman Sharma,Suspect,9148530158,9316916607,6,DL73AA4779,Delhi,New Delhi,Delhi,T0101,348961,HC201,FIR + CDR + FraudZen + Bail + Number Plate (Prototype Integration),3,58,Shared vehicle; Financial pattern; Same investigation cluster,FIR093,2023-01-11
Echo,High,FIR102,2023-06-26,Cyber Crime,Farhan Nair,Suspect,9991059204,9316916607,63,DL73AA4779,Delhi,New Delhi,Delhi,T0102,193089,HC202,FIR + CDR + FraudZen + Bail + Number Plate (Prototype Integration),3,61,Shared vehicle; Financial pattern; Same investigation cluster,FIR096,2023-07-05
Echo,High,FIR103,2023-05-03,Cyber Crime,Rohit Khan,Suspect,9990140207,9316916607,45,DL57BB1672,Delhi,New Delhi,Delhi,T0103,29472,HC203,FIR + CDR + FraudZen + Bail + Number Plate (Prototype Integration),2,58,Financial pattern; Same investigation cluster,FIR099,2023-05-15
Echo,High,FIR104,2023-10-29,Cyber Crime,Sneha Yadav,Suspect,9316916607,9316916607,33,DL73AA4779,Delhi,New Delhi,Delhi,T0104,161190,HC204,FIR + CDR + FraudZen + Bail + Number Plate (Prototype Integration),4,95,Shared phone; Shared vehicle; Financial pattern; Same investigation cluster,FIR103,2023-11-12
Echo,High,FIR105,2023-03-29,Cyber Crime,Rohit Singh,Suspect,9316916607,9316916607,60,DL73AA4779,Delhi,New Delhi,Delhi,T0105,169494,HC205,FIR + CDR + FraudZen + Bail + Number Plate (Prototype Integration),4,87,Shared phone; Shared vehicle; Financial pattern; Same investigation cluster,FIR098,2023-04-03
Foxtrot,Medium,FIR106,2023-08-07,Interstate Network,Neha Khan,Suspect,9355640455,9355640455,60,TN21AA5581,Assam,Guwahati,Assam,T0106,75262,HC206,FIR + CDR + FraudZen + Bail + Number Plate (Prototype Integration),4,84,Shared phone; Shared vehicle; Mobility pattern; Same investigation cluster,FIR104,2023-08-24
Foxtrot,Medium,FIR107,2023-06-04,Interstate Network,Aman Singh,Suspect,9124437123,9355640455,46,GJ24BB6282,Gujarat,Ahmedabad,Gujarat,T0107,50445,HC207,FIR + CDR + FraudZen + Bail + Number Plate (Prototype Integration),2,58,Mobility pattern; Same investigation cluster,FIR103,2023-06-16
Foxtrot,Medium,FIR108,2023-12-29,Interstate Network,Sneha Nair,Suspect,9990140207,9355640455,41,GJ70BB3333,Gujarat,Ahmedabad,Gujarat,T0108,70488,HC208,FIR + CDR + FraudZen + Bail + Number Plate (Prototype Integration),2,58,Mobility pattern; Same investigation cluster,FIR101,2024-01-04
Foxtrot,Medium,FIR109,2023-06-10,Interstate Network,Aman Khan,Suspect,9877276846,9355640455,18,GJ85BB8389,Gujarat,Ahmedabad,Gujarat,T0109,20193,HC209,FIR + CDR + FraudZen + Bail + Number Plate (Prototype Integration),2,58,Mobility pattern; Same investigation cluster,FIR101,2023-07-03
Foxtrot,Medium,FIR110,2023-08-05,Interstate Network,Ravi Sharma,Suspect,9355640455,9355640455,32,TN21AA5581,Rajasthan,Jaipur,Rajasthan,T0110,11911,HC210,FIR + CDR + FraudZen + Bail + Number Plate (Prototype Integration),4,83,Shared phone; Shared vehicle; Mobility pattern; Same investigation cluster,FIR108,2023-08-24
Foxtrot,Medium,FIR111,2023-12-02,Interstate Network,Sneha Nair,Suspect,9534924451,9355640455,39,TN21AA5581,West Bengal,Kolkata,West Bengal,T0111,49588,HC211,FIR + CDR + FraudZen + Bail + Number Plate (Prototype Integration),3,58,Shared vehicle; Mobility pattern; Same investigation cluster,FIR106,2023-12-20
Foxtrot,Medium,FIR112,2023-05-04,Interstate Network,Neha Khan,Suspect,9355640455,9355640455,54,TN21AA5581,Odisha,Bhubaneswar,Odisha,T0112,43658,HC212,FIR + CDR + FraudZen + Bail + Number Plate (Prototype Integration),4,89,Shared phone; Shared vehicle; Mobility pattern; Same investigation cluster,FIR110,2023-05-28
Foxtrot,Medium,FIR113,2023-01-11,Interstate Network,Priya Singh,Suspect,9164806396,9355640455,33,TN21AA5581,Kerala,Kochi,Kerala,T0113,31657,HC213,FIR + CDR + FraudZen + Bail + Number Plate (Prototype Integration),3,58,Shared vehicle; Mobility pattern; Same investigation cluster,FIR110,2023-01-12
Foxtrot,Medium,FIR114,2023-09-02,Interstate Network,Vikram Yadav,Suspect,9355640455,9355640455,3,PB92BB4987,Punjab,Chandigarh,Punjab,T0114,41203,HC214,FIR + CDR + FraudZen + Bail + Number Plate (Prototype Integration),3,63,Shared phone; Mobility pattern; Same investigation cluster,FIR107,2023-09-05
Foxtrot,Medium,FIR115,2023-06-21,Interstate Network,Aman Khan,Suspect,9355640455,9355640455,14,RJ18BB3340,Rajasthan,Jaipur,Rajasthan,T0115,46362,HC215,FIR + CDR + FraudZen + Bail + Number Plate (Prototype Integration),3,59,Shared phone; Mobility pattern; Same investigation cluster,FIR114,2023-07-07
Foxtrot,Medium,FIR116,2023-08-13,Interstate Network,Aman Singh,Suspect,9355640455,9355640455,26,TN21AA5581,Karnataka,Bengaluru,Karnataka,T0116,34849,HC216,FIR + CDR + FraudZen + Bail + Number Plate (Prototype Integration),4,83,Shared phone; Shared vehicle; Mobility pattern; Same investigation cluster,FIR108,2023-09-01
Foxtrot,Medium,FIR117,2023-12-03,Interstate Network,Aman Khan,Suspect,9877276846,9355640455,56,AS70BB9307,Assam,Guwahati,Assam,T0117,56899,HC217,FIR + CDR + FraudZen + Bail + Number Plate (Prototype Integration),2,58,Mobility pattern; Same investigation cluster,FIR114,2023-12-15
Foxtrot,Medium,FIR118,2023-05-26,Interstate Network,Neha Patel,Suspect,9195546643,9355640455,18,MH78BB4014,Maharashtra,Mumbai,Maharashtra,T0118,64623,HC218,FIR + CDR + FraudZen + Bail + Number Plate (Prototype Integration),2,58,Mobility pattern; Same investigation cluster,FIR114,2023-06-10
Foxtrot,Medium,FIR119,2023-05-05,Interstate Network,Aman Khan,Suspect,9990140207,9355640455,64,OD45BB7758,Odisha,Bhubaneswar,Odisha,T0119,69735,HC219,FIR + CDR + FraudZen + Bail + Number Plate (Prototype Integration),2,58,Mobility pattern; Same investigation cluster,FIR112,2023-05-15
Foxtrot,Medium,FIR120,2023-06-11,Interstate Network,Sanjay Nair,Suspect,9355640455,9355640455,18,TS15BB8153,Telangana,Hyderabad,Telangana,T0120,69078,HC220,FIR + CDR + FraudZen + Bail + Number Plate (Prototype Integration),3,64,Shared phone; Mobility pattern; Same investigation cluster,FIR115,2023-06-13
Foxtrot,Medium,FIR121,2023-12-09,Interstate Network,Ravi Sharma,Suspect,9990140207,9355640455,49,TN21AA5581,Tamil Nadu,Chennai,Tamil Nadu,T0121,45442,HC221,FIR + CDR + FraudZen + Bail + Number Plate (Prototype Integration),3,58,Shared vehicle; Mobility pattern; Same investigation cluster,FIR117,2023-12-29
Foxtrot,Medium,FIR122,2023-06-06,Interstate Network,Nisha Sharma,Suspect,9355640455,9355640455,18,TN21AA5581,Odisha,Bhubaneswar,Odisha,T0122,69328,HC222,FIR + CDR + FraudZen + Bail + Number Plate (Prototype Integration),4,84,Shared phone; Shared vehicle; Mobility pattern; Same investigation cluster,FIR120,2023-06-11
Foxtrot,Medium,FIR123,2023-10-09,Interstate Network,Sneha Nair,Suspect,9355640455,9355640455,6,TN21AA5581,Uttar Pradesh,Lucknow,Uttar Pradesh,T0123,25499,HC223,FIR + CDR + FraudZen + Bail + Number Plate (Prototype Integration),4,83,Shared phone; Shared vehicle; Mobility pattern; Same investigation cluster,FIR119,2023-10-30
Foxtrot,Medium,FIR124,2023-12-25,Interstate Network,Vikram Yadav,Suspect,9355640455,9355640455,36,MH38BB6386,Maharashtra,Mumbai,Maharashtra,T0124,45070,HC224,FIR + CDR + FraudZen + Bail + Number Plate (Prototype Integration),3,61,Shared phone; Mobility pattern; Same investigation cluster,FIR123,2024-01-18
Foxtrot,Medium,FIR125,2023-04-29,Interstate Network,Pooja Patel,Suspect,9963277712,9355640455,16,OD94BB3247,Odisha,Bhubaneswar,Odisha,T0125,23082,HC225,FIR + CDR + FraudZen + Bail + Number Plate (Prototype Integration),2,58,Mobility pattern; Same investigation cluster,FIR117,2023-05-20
Foxtrot,Medium,FIR126,2023-03-21,Interstate Network,Sneha Nair,Suspect,9819249363,9355640455,55,PB19BB4579,Punjab,Chandigarh,Punjab,T0126,80785,HC226,FIR + CDR + FraudZen + Bail + Number Plate (Prototype Integration),2,58,Mobility pattern; Same investigation cluster,FIR125,2023-03-25
Foxtrot,Medium,FIR127,2023-08-17,Interstate Network,Pooja Patel,Suspect,9124437123,9355640455,51,BR32BB2629,Bihar,Patna,Bihar,T0127,13943,HC227,FIR + CDR + FraudZen + Bail + Number Plate (Prototype Integration),2,58,Mobility pattern; Same investigation cluster,FIR124,2023-08-28
Foxtrot,Medium,FIR128,2023-02-19,Interstate Network,Nisha Sharma,Suspect,9227419531,9355640455,5,TN21AA5581,Telangana,Hyderabad,Telangana,T0128,45213,HC228,FIR + CDR + FraudZen + Bail + Number Plate (Prototype Integration),3,58,Shared vehicle; Mobility pattern; Same investigation cluster,FIR127,2023-02-21
Foxtrot,Medium,FIR129,2023-04-23,Interstate Network,Ravi Sharma,Suspect,9760695376,9355640455,41,GJ23BB2902,Gujarat,Ahmedabad,Gujarat,T0129,89615,HC229,FIR + CDR + FraudZen + Bail + Number Plate (Prototype Integration),2,58,Mobility pattern; Same investigation cluster,FIR126,2023-04-28
Foxtrot,Medium,FIR130,2023-12-12,Interstate Network,Vikram Yadav,Suspect,9355640455,9355640455,6,TN21AA5581,Haryana,Gurugram,Haryana,T0130,18324,HC230,FIR + CDR + FraudZen + Bail + Number Plate (Prototype Integration),4,82,Shared phone; Shared vehicle; Mobility pattern; Same investigation cluster,FIR123,2024-01-05
Ghost,Low,FIR131,2023-06-15,Hidden Network,Deepak Patel,Suspect,9174433688,9174433688,3,DL12AA9026,Karnataka,Bengaluru,Karnataka,T0131,39584,HC231,FIR + CDR + FraudZen + Bail + Number Plate (Prototype Integration),4,88,Shared phone; Shared vehicle; Mobility pattern; Same investigation cluster,FIR129,2023-06-25
Ghost,Low,FIR132,2023-02-27,Hidden Network,Sneha Nair,Suspect,9638456848,9174433688,41,OD30BB3345,Odisha,Bhubaneswar,Odisha,T0132,23826,HC232,FIR + CDR + FraudZen + Bail + Number Plate (Prototype Integration),2,58,Mobility pattern; Same investigation cluster,FIR125,2023-03-04
Ghost,Low,FIR133,2023-08-28,Hidden Network,Nisha Yadav,Suspect,9174433688,9174433688,54,DL76BB7372,Delhi,New Delhi,Delhi,T0133,43751,HC233,FIR + CDR + FraudZen + Bail + Number Plate (Prototype Integration),3,60,Shared phone; Mobility pattern; Same investigation cluster,FIR129,2023-09-13
Ghost,Low,FIR134,2023-06-07,Hidden Network,Nisha Yadav,Suspect,9819987632,9174433688,14,DL19BB9580,Delhi,New Delhi,Delhi,T0134,20439,HC234,FIR + CDR + FraudZen + Bail + Number Plate (Prototype Integration),2,58,Mobility pattern; Same investigation cluster,FIR127,2023-06-20
Ghost,Low,FIR135,2023-10-31,Hidden Network,Ananya Patel,Suspect,9174433688,9174433688,9,HR44BB8588,Haryana,Gurugram,Haryana,T0135,87411,HC235,FIR + CDR + FraudZen + Bail + Number Plate (Prototype Integration),3,60,Shared phone; Mobility pattern; Same investigation cluster,FIR134,2023-11-10
Ghost,Low,FIR136,2023-01-18,Hidden Network,Deepak Patel,Suspect,9174433688,9174433688,42,DL12AA9026,Odisha,Bhubaneswar,Odisha,T0136,49569,HC236,FIR + CDR + FraudZen + Bail + Number Plate (Prototype Integration),4,86,Shared phone; Shared vehicle; Mobility pattern; Same investigation cluster,FIR134,2023-01-21
Ghost,Low,FIR137,2023-04-01,Hidden Network,Deepak Patel,Suspect,9850587225,9174433688,23,DL12AA9026,Gujarat,Ahmedabad,Gujarat,T0137,83558,HC237,FIR + CDR + FraudZen + Bail + Number Plate (Prototype Integration),3,60,Shared vehicle; Mobility pattern; Same investigation cluster,FIR132,2023-04-04
Ghost,Low,FIR138,2023-03-27,Hidden Network,Farhan Gupta,Suspect,9619119798,9174433688,53,AS57BB3432,Assam,Guwahati,Assam,T0138,65730,HC238,FIR + CDR + FraudZen + Bail + Number Plate (Prototype Integration),2,58,Mobility pattern; Same investigation cluster,FIR133,2023-04-08
Ghost,Low,FIR139,2023-08-20,Hidden Network,Deepak Patel,Suspect,9547875230,9174433688,62,DL12AA9026,Delhi,New Delhi,Delhi,T0139,28060,HC239,FIR + CDR + FraudZen + Bail + Number Plate (Prototype Integration),3,58,Shared vehicle; Mobility pattern; Same investigation cluster,FIR137,2023-08-25
Ghost,Low,FIR140,2023-02-22,Hidden Network,Ananya Patel,Suspect,9230744800,9174433688,50,DL12AA9026,Gujarat,Ahmedabad,Gujarat,T0140,59253,HC240,FIR + CDR + FraudZen + Bail + Number Plate (Prototype Integration),3,58,Shared vehicle; Mobility pattern; Same investigation cluster,FIR136,2023-03-08
Ghost,Low,FIR141,2023-06-16,Hidden Network,Karan Sharma,Suspect,9852094368,9174433688,4,GJ97BB3709,Gujarat,Ahmedabad,Gujarat,T0141,41092,HC241,FIR + CDR + FraudZen + Bail + Number Plate (Prototype Integration),2,58,Mobility pattern; Same investigation cluster,FIR133,2023-06-28
Ghost,Low,FIR142,2023-08-13,Hidden Network,Sneha Nair,Suspect,9819987632,9174433688,48,DL12AA9026,Uttar Pradesh,Lucknow,Uttar Pradesh,T0142,69581,HC242,FIR + CDR + FraudZen + Bail + Number Plate (Prototype Integration),3,58,Shared vehicle; Mobility pattern; Same investigation cluster,FIR134,2023-09-06
Ghost,Low,FIR143,2023-08-20,Hidden Network,Neha Kumar,Suspect,9803699407,9174433688,46,DL12AA9026,Kerala,Kochi,Kerala,T0143,10128,HC243,FIR + CDR + FraudZen + Bail + Number Plate (Prototype Integration),3,58,Shared vehicle; Mobility pattern; Same investigation cluster,FIR140,2023-08-31
Ghost,Low,FIR144,2023-03-25,Hidden Network,Neha Kumar,Suspect,9174433688,9174433688,27,DL12AA9026,Delhi,New Delhi,Delhi,T0144,15807,HC244,FIR + CDR + FraudZen + Bail + Number Plate (Prototype Integration),4,83,Shared phone; Shared vehicle; Mobility pattern; Same investigation cluster,FIR136,2023-04-05
Ghost,Low,FIR145,2023-11-23,Hidden Network,Ajay Kumar,Suspect,9174433688,9174433688,32,DL12AA9026,Gujarat,Ahmedabad,Gujarat,T0145,50562,HC245,FIR + CDR + FraudZen + Bail + Number Plate (Prototype Integration),4,85,Shared phone; Shared vehicle; Mobility pattern; Same investigation cluster,FIR137,2023-12-12
Ghost,Low,FIR146,2023-08-06,Hidden Network,Nisha Yadav,Suspect,9803699407,9174433688,43,DL23BB2049,Delhi,New Delhi,Delhi,T0146,5452,HC246,FIR + CDR + FraudZen + Bail + Number Plate (Prototype Integration),2,58,Mobility pattern; Same investigation cluster,FIR141,2023-08-13
Ghost,Low,FIR147,2023-01-04,Hidden Network,Karan Sharma,Suspect,9174433688,9174433688,39,DL12AA9026,Rajasthan,Jaipur,Rajasthan,T0147,61527,HC247,FIR + CDR + FraudZen + Bail + Number Plate (Prototype Integration),4,89,Shared phone; Shared vehicle; Mobility pattern; Same investigation cluster,FIR140,2023-01-24
Ghost,Low,FIR148,2023-07-20,Hidden Network,Ajay Kumar,Suspect,9174433688,9174433688,31,DL12AA9026,Rajasthan,Jaipur,Rajasthan,T0148,19500,HC248,FIR + CDR + FraudZen + Bail + Number Plate (Prototype Integration),4,84,Shared phone; Shared vehicle; Mobility pattern; Same investigation cluster,FIR141,2023-08-03
Ghost,Low,FIR149,2023-10-08,Hidden Network,Karan Sharma,Suspect,9174433688,9174433688,36,KA12BB4524,Karnataka,Bengaluru,Karnataka,T0149,58546,HC249,FIR + CDR + FraudZen + Bail + Number Plate (Prototype Integration),3,61,Shared phone; Mobility pattern; Same investigation cluster,FIR145,2023-11-01
Ghost,Low,FIR150,2023-07-01,Hidden Network,Sneha Nair,Suspect,9875191871,9174433688,52,RJ25BB6962,Rajasthan,Jaipur,Rajasthan,T0150,79423,HC250,FIR + CDR + FraudZen + Bail + Number Plate (Prototype Integration),2,58,Mobility pattern; Same investigation cluster,FIR149,2023-07-02
