person_name,cluster,phone,state
Ajay Nair,Alpha,9946594733,Haryana
Neha Nair,Alpha,9230744800,Haryana
Arjun Reddy,Alpha,9230744800,Haryana
Vikram Singh,Alpha,9316916607,Haryana
Deepak Yadav,Alpha,9124437123,Haryana
Vikram Singh,Alpha,9230744800,Haryana
Deepak Yadav,Alpha,9174433688,Haryana
Neha Nair,Alpha,9227419531,Haryana
Nisha Das,Alpha,9779800587,Haryana
Farhan Yadav,Alpha,9230744800,Haryana
Deepak Yadav,Alpha,9230744800,Haryana
Karan Sharma,Alpha,9651098441,Haryana
Neha Yadav,Alpha,9164162348,Haryana
Neha Nair,Alpha,9760695376,Haryana
Karan Sharma,Alpha,9262613175,Haryana
Vikram Kumar,Alpha,9124437123,Haryana
Vikram Singh,Alpha,9613065710,Haryana
Nisha Das,Alpha,9174433688,Haryana
Karan Sharma,Alpha,9230744800,Haryana
Ajay Nair,Alpha,9230744800,Haryana
Deepak Yadav,Alpha,9867957964,Haryana
Pooja Yadav,Alpha,9230744800,Haryana
Sanjay Reddy,Bravo,9214130709,Assam
Deepak Nair,Bravo,9819249363,Assam
Deepak Nair,Bravo,9214130709,Assam
Deepak Nair,Bravo,9772728810,Assam
Meera Yadav,Bravo,9512991937,Assam
Nisha Nair,Bravo,9760695376,Assam
Sanjay Reddy,Bravo,9362271020,Assam
Farhan Khan,Bravo,9214130709,Assam
Imran Das,Bravo,9307815460,Assam
Nisha Nair,Bravo,9819249363,Assam
Rahul Patel,Bravo,9214130709,Assam
Rahul Patel,Bravo,9980424436,Assam
Pooja Sharma,Bravo,9772728810,Assam
Imran Das,Bravo,9214130709,Assam
Imran Das,Bravo,9760695376,Assam
Nisha Nair,Bravo,9214130709,Assam
Aman Khan,Bravo,9214130709,Assam
Pooja Sharma,Bravo,9214130709,Assam
Ananya Das,Bravo,9214130709,Assam
Sneha Reddy,Charlie,9963277712,Tamil Nadu
Pooja Sharma,Charlie,9772728810,Tamil Nadu
Karan Reddy,Charlie,9875191871,Tamil Nadu
Vikram Khan,Charlie,9772728810,Tamil Nadu
Sanjay Kumar,Charlie,9836897226,Tamil Nadu
Sneha Reddy,Charlie,9316916607,Tamil Nadu
Farhan Gupta,Charlie,9875191871,Tamil Nadu
Priya Das,Charlie,9760695376,Tamil Nadu
Arjun Sharma,Charlie,9355640455,Tamil Nadu
Aisha Gupta,Charlie,9772728810,Tamil Nadu
Arjun Sharma,Charlie,9772728810,Tamil Nadu
Priya Gupta,Charlie,9262613175,Tamil Nadu
Sneha Reddy,Charlie,9819987632,Tamil Nadu
Vikram Khan,Charlie,9362271020,Tamil Nadu
Arjun Sharma,Charlie,9619119798,Tamil Nadu
Pooja Sharma,Charlie,9946594733,Tamil Nadu
Sneha Reddy,Charlie,9772728810,Tamil Nadu
Priya Gupta,Charlie,9638456848,Tamil Nadu
Sanjay Kumar,Charlie,9772728810,Tamil Nadu
Sanjay Kumar,Charlie,9167860086,Tamil Nadu
Sneha Yadav,Delta,9174433688,Gujarat
Aman Patel,Delta,9174433688,Gujarat
Deepak Sharma,Delta,9174433688,Gujarat
Pooja Sharma,Delta,9174433688,Gujarat
Aman Reddy,Delta,9174433688,Gujarat
Deepak Gupta,Delta,9772728810,Gujarat
Pooja Gupta,Delta,9262613175,Gujarat
Pooja Gupta,Delta,9174433688,Gujarat
Nisha Singh,Delta,9348286162,Gujarat
Aisha Nair,Delta,9772728810,Gujarat
Aisha Nair,Delta,9174433688,Gujarat
Rohit Yadav,Delta,9782167638,Gujarat
Rohit Khan,Echo,9779800587,Delhi
Neha Singh,Echo,9316916607,Delhi
Farhan Nair,Echo,9877276846,Delhi
Aman Sharma,Echo,9760695376,Delhi
Rohit Khan,Echo,9980222397,Delhi
Farhan Nair,Echo,9991059204,Delhi
Arjun Patel,Echo,9760695376,Delhi
Arjun Yadav,Echo,9963277712,Delhi
Rohit Khan,Echo,9547875230,Delhi
Aman Singh,Echo,9316916607,Delhi
Priya Gupta,Echo,9316916607,Delhi
Aman Sharma,Echo,9980222397,Delhi
Priya Gupta,Echo,9164806396,Delhi
Farhan Nair,Echo,9316916607,Delhi
Arjun Patel,Echo,9164806396,Delhi
Aman Sharma,Echo,9148530158,Delhi
Rohit Khan,Echo,9990140207,Delhi
Sneha Yadav,Echo,9316916607,Delhi
Rohit Singh,Echo,9316916607,Delhi
Neha Khan,Foxtrot,9355640455,Assam
Aman Singh,Foxtrot,9124437123,Gujarat
Sneha Nair,Foxtrot,9990140207,Gujarat
Aman Khan,Foxtrot,9877276846,Gujarat
Ravi Sharma,Foxtrot,9355640455,Rajasthan
Sneha Nair,Foxtrot,9534924451,West Bengal
Neha Khan,Foxtrot,9355640455,Odisha
Priya Singh,Foxtrot,9164806396,Kerala
Vikram Yadav,Foxtrot,9355640455,Punjab
Aman Khan,Foxtrot,9355640455,Rajasthan
Aman Singh,Foxtrot,9355640455,Karnataka
Aman Khan,Foxtrot,9877276846,Assam
Neha Patel,Foxtrot,9195546643,Maharashtra
Aman Khan,Foxtrot,9990140207,Odisha
Sanjay Nair,Foxtrot,9355640455,Telangana
Ravi Sharma,Foxtrot,9990140207,Tamil Nadu
Nisha Sharma,Foxtrot,9355640455,Odisha
Sneha Nair,Foxtrot,9355640455,Uttar Pradesh
Vikram Yadav,Foxtrot,9355640455,Maharashtra
Pooja Patel,Foxtrot,9963277712,Odisha
Sneha Nair,Foxtrot,9819249363,Punjab
Pooja Patel,Foxtrot,9124437123,Bihar
Nisha Sharma,Foxtrot,9227419531,Telangana
Ravi Sharma,Foxtrot,9760695376,Gujarat
Vikram Yadav,Foxtrot,9355640455,Haryana
Deepak Patel,Ghost,9174433688,Karnataka
Sneha Nair,Ghost,9638456848,Odisha
Nisha Yadav,Ghost,9174433688,Delhi
Nisha Yadav,Ghost,9819987632,Delhi
Ananya Patel,Ghost,9174433688,Haryana
Deepak Patel,Ghost,9174433688,Odisha
Deepak Patel,Ghost,9850587225,Gujarat
Farhan Gupta,Ghost,9619119798,Assam
Deepak Patel,Ghost,9547875230,Delhi
Ananya Patel,Ghost,9230744800,Gujarat
Karan Sharma,Ghost,9852094368,Gujarat
Sneha Nair,Ghost,9819987632,Uttar Pradesh
Neha Kumar,Ghost,9803699407,Kerala
Neha Kumar,Ghost,9174433688,Delhi
Ajay Kumar,Ghost,9174433688,Gujarat
Nisha Yadav,Ghost,9803699407,Delhi
Karan Sharma,Ghost,9174433688,Rajasthan
Ajay Kumar,Ghost,9174433688,Rajasthan
Karan Sharma,Ghost,9174433688,Karnataka
Sneha Nair,Ghost,9875191871,Rajasthan
