from,relationship,to
Ajay Nair,USED_PHONE,9946594733
Ajay Nair,USED_VEHICLE,HR97BB2569
Ajay Nair,INVOLVED_IN,FIR001
9946594733,CONNECTED_TO,9230744800
HR97BB2569,LINKED_IN,FIR001
Ajay Nair,LOCATED_IN,Gurugram
Ajay Nair,ASSOCIATED_WITH_TXN,T0001
Ajay Nair,MENTIONED_IN_COURT,HC101
Neha Nair,USED_PHONE,9230744800
Neha Nair,USED_VEHICLE,HR76AA2014
Neha Nair,INVOLVED_IN,FIR002
9230744800,CONNECTED_TO,9230744800
HR76AA2014,LINKED_IN,FIR002
Neha Nair,LOCATED_IN,Gurugram
Neha Nair,ASSOCIATED_WITH_TXN,T0002
Neha Nair,MENTIONED_IN_COURT,HC102
Arjun Reddy,USED_PHONE,9230744800
Arjun Reddy,USED_VEHICLE,HR76AA2014
Arjun Reddy,INVOLVED_IN,FIR003
HR76AA2014,LINKED_IN,FIR003
Arjun Reddy,LOCATED_IN,Gurugram
Arjun Reddy,ASSOCIATED_WITH_TXN,T0003
Arjun Reddy,MENTIONED_IN_COURT,HC103
Vikram Singh,USED_PHONE,9316916607
Vikram Singh,USED_VEHICLE,HR63BB5676
Vikram Singh,INVOLVED_IN,FIR004
9316916607,CONNECTED_TO,9230744800
HR63BB5676,LINKED_IN,FIR004
Vikram Singh,LOCATED_IN,Gurugram
Vikram Singh,ASSOCIATED_WITH_TXN,T0004
Vikram Singh,MENTIONED_IN_COURT,HC104
Deepak Yadav,USED_PHONE,9124437123
Deepak Yadav,USED_VEHICLE,HR76AA2014
Deepak Yadav,INVOLVED_IN,FIR005
9124437123,CONNECTED_TO,9230744800
HR76AA2014,LINKED_IN,FIR005
Deepak Yadav,LOCATED_IN,Gurugram
Deepak Yadav,ASSOCIATED_WITH_TXN,T0005
Deepak Yadav,MENTIONED_IN_COURT,HC105
Neha Nair,INVOLVED_IN,FIR006
HR76AA2014,LINKED_IN,FIR006
Neha Nair,ASSOCIATED_WITH_TXN,T0006
Neha Nair,MENTIONED_IN_COURT,HC106
Vikram Singh,USED_PHONE,9230744800
Vikram Singh,USED_VEHICLE,HR39BB8323
Vikram Singh,INVOLVED_IN,FIR007
HR39BB8323,LINKED_IN,FIR007
Vikram Singh,ASSOCIATED_WITH_TXN,T0007
Vikram Singh,MENTIONED_IN_COURT,HC107
Deepak Yadav,USED_PHONE,9174433688
Deepak Yadav,INVOLVED_IN,FIR008
9174433688,CONNECTED_TO,9230744800
HR76AA2014,LINKED_IN,FIR008
Deepak Yadav,ASSOCIATED_WITH_TXN,T0008
Deepak Yadav,MENTIONED_IN_COURT,HC108
Neha Nair,USED_PHONE,9227419531
Neha Nair,INVOLVED_IN,FIR009
9227419531,CONNECTED_TO,9230744800
HR76AA2014,LINKED_IN,FIR009
Neha Nair,ASSOCIATED_WITH_TXN,T0009
Neha Nair,MENTIONED_IN_COURT,HC109
Nisha Das,USED_PHONE,9779800587
Nisha Das,USED_VEHICLE,HR46BB7803
Nisha Das,INVOLVED_IN,FIR010
9779800587,CONNECTED_TO,9230744800
HR46BB7803,LINKED_IN,FIR010
Nisha Das,LOCATED_IN,Gurugram
Nisha Das,ASSOCIATED_WITH_TXN,T0010
Nisha Das,MENTIONED_IN_COURT,HC110
Farhan Yadav,USED_PHONE,9230744800
Farhan Yadav,USED_VEHICLE,HR70BB6304
Farhan Yadav,INVOLVED_IN,FIR011
HR70BB6304,LINKED_IN,FIR011
Farhan Yadav,LOCATED_IN,Gurugram
Farhan Yadav,ASSOCIATED_WITH_TXN,T0011
Farhan Yadav,MENTIONED_IN_COURT,HC111
Deepak Yadav,USED_PHONE,9230744800
Deepak Yadav,INVOLVED_IN,FIR012
HR76AA2014,LINKED_IN,FIR012
Deepak Yadav,ASSOCIATED_WITH_TXN,T0012
Deepak Yadav,MENTIONED_IN_COURT,HC112
Karan Sharma,USED_PHONE,9651098441
Karan Sharma,USED_VEHICLE,HR76AA2014
Karan Sharma,INVOLVED_IN,FIR013
9651098441,CONNECTED_TO,9230744800
HR76AA2014,LINKED_IN,FIR013
Karan Sharma,LOCATED_IN,Gurugram
Karan Sharma,ASSOCIATED_WITH_TXN,T0013
Karan Sharma,MENTIONED_IN_COURT,HC113
Neha Yadav,USED_PHONE,9164162348
Neha Yadav,USED_VEHICLE,HR35BB4694
Neha Yadav,INVOLVED_IN,FIR014
9164162348,CONNECTED_TO,9230744800
HR35BB4694,LINKED_IN,FIR014
Neha Yadav,LOCATED_IN,Gurugram
Neha Yadav,ASSOCIATED_WITH_TXN,T0014
Neha Yadav,MENTIONED_IN_COURT,HC114
Neha Nair,USED_PHONE,9760695376
Neha Nair,INVOLVED_IN,FIR015
9760695376,CONNECTED_TO,9230744800
HR76AA2014,LINKED_IN,FIR015
Neha Nair,ASSOCIATED_WITH_TXN,T0015
Neha Nair,MENTIONED_IN_COURT,HC115
Karan Sharma,USED_PHONE,9262613175
Karan Sharma,USED_VEHICLE,HR93BB7354
Karan Sharma,INVOLVED_IN,FIR016
9262613175,CONNECTED_TO,9230744800
HR93BB7354,LINKED_IN,FIR016
Karan Sharma,ASSOCIATED_WITH_TXN,T0016
Karan Sharma,MENTIONED_IN_COURT,HC116
Vikram Kumar,USED_PHONE,9124437123
Vikram Kumar,USED_VEHICLE,HR76AA2014
Vikram Kumar,INVOLVED_IN,FIR017
HR76AA2014,LINKED_IN,FIR017
Vikram Kumar,LOCATED_IN,Gurugram
Vikram Kumar,ASSOCIATED_WITH_TXN,T0017
Vikram Kumar,MENTIONED_IN_COURT,HC117
Vikram Singh,USED_PHONE,9613065710
Vikram Singh,USED_VEHICLE,HR50BB2200
Vikram Singh,INVOLVED_IN,FIR018
9613065710,CONNECTED_TO,9230744800
HR50BB2200,LINKED_IN,FIR018
Vikram Singh,ASSOCIATED_WITH_TXN,T0018
Vikram Singh,MENTIONED_IN_COURT,HC118
Nisha Das,USED_PHONE,9174433688
Nisha Das,USED_VEHICLE,HR44BB5208
Nisha Das,INVOLVED_IN,FIR019
HR44BB5208,LINKED_IN,FIR019
Nisha Das,ASSOCIATED_WITH_TXN,T0019
Nisha Das,MENTIONED_IN_COURT,HC119
Karan Sharma,USED_PHONE,9230744800
Karan Sharma,USED_VEHICLE,HR44BB2589
Karan Sharma,INVOLVED_IN,FIR020
HR44BB2589,LINKED_IN,FIR020
Karan Sharma,ASSOCIATED_WITH_TXN,T0020
Karan Sharma,MENTIONED_IN_COURT,HC120
Ajay Nair,USED_PHONE,9230744800
Ajay Nair,USED_VEHICLE,HR45BB4607
Ajay Nair,INVOLVED_IN,FIR021
HR45BB4607,LINKED_IN,FIR021
Ajay Nair,ASSOCIATED_WITH_TXN,T0021
Ajay Nair,MENTIONED_IN_COURT,HC121
Deepak Yadav,USED_PHONE,9867957964
Deepak Yadav,USED_VEHICLE,HR43BB4297
Deepak Yadav,INVOLVED_IN,FIR022
9867957964,CONNECTED_TO,9230744800
HR43BB4297,LINKED_IN,FIR022
Deepak Yadav,ASSOCIATED_WITH_TXN,T0022
Deepak Yadav,MENTIONED_IN_COURT,HC122
Arjun Reddy,USED_VEHICLE,HR29BB9935
Arjun Reddy,INVOLVED_IN,FIR023
HR29BB9935,LINKED_IN,FIR023
Arjun Reddy,ASSOCIATED_WITH_TXN,T0023
Arjun Reddy,MENTIONED_IN_COURT,HC123
Ajay Nair,USED_VEHICLE,HR24BB2282
Ajay Nair,INVOLVED_IN,FIR024
HR24BB2282,LINKED_IN,FIR024
Ajay Nair,ASSOCIATED_WITH_TXN,T0024
Ajay Nair,MENTIONED_IN_COURT,HC124
Pooja Yadav,USED_PHONE,9230744800
Pooja Yadav,USED_VEHICLE,HR76AA2014
Pooja Yadav,INVOLVED_IN,FIR025
HR76AA2014,LINKED_IN,FIR025
Pooja Yadav,LOCATED_IN,Gurugram
Pooja Yadav,ASSOCIATED_WITH_TXN,T0025
Pooja Yadav,MENTIONED_IN_COURT,HC125
Sanjay Reddy,USED_PHONE,9214130709
Sanjay Reddy,USED_VEHICLE,AS47AA8324
Sanjay Reddy,INVOLVED_IN,FIR026
9214130709,CONNECTED_TO,9214130709
AS47AA8324,LINKED_IN,FIR026
Sanjay Reddy,LOCATED_IN,Guwahati
Sanjay Reddy,ASSOCIATED_WITH_TXN,T0026
Sanjay Reddy,MENTIONED_IN_COURT,HC126
Deepak Nair,USED_PHONE,9819249363
Deepak Nair,USED_VEHICLE,AS99BB4813
Deepak Nair,INVOLVED_IN,FIR027
9819249363,CONNECTED_TO,9214130709
AS99BB4813,LINKED_IN,FIR027
Deepak Nair,LOCATED_IN,Guwahati
Deepak Nair,ASSOCIATED_WITH_TXN,T0027
Deepak Nair,MENTIONED_IN_COURT,HC127
Deepak Nair,USED_PHONE,9214130709
Deepak Nair,USED_VEHICLE,AS47AA8324
Deepak Nair,INVOLVED_IN,FIR028
AS47AA8324,LINKED_IN,FIR028
Deepak Nair,ASSOCIATED_WITH_TXN,T0028
Deepak Nair,MENTIONED_IN_COURT,HC128
Deepak Nair,USED_PHONE,9772728810
Deepak Nair,USED_VEHICLE,AS31BB4231
Deepak Nair,INVOLVED_IN,FIR029
9772728810,CONNECTED_TO,9214130709
AS31BB4231,LINKED_IN,FIR029
Deepak Nair,ASSOCIATED_WITH_TXN,T0029
Deepak Nair,MENTIONED_IN_COURT,HC129
Meera Yadav,USED_PHONE,9512991937
Meera Yadav,USED_VEHICLE,AS47AA8324
Meera Yadav,INVOLVED_IN,FIR030
9512991937,CONNECTED_TO,9214130709
AS47AA8324,LINKED_IN,FIR030
Meera Yadav,LOCATED_IN,Guwahati
Meera Yadav,ASSOCIATED_WITH_TXN,T0030
Meera Yadav,MENTIONED_IN_COURT,HC130
Nisha Nair,USED_PHONE,9760695376
Nisha Nair,USED_VEHICLE,AS16BB4941
Nisha Nair,INVOLVED_IN,FIR031
9760695376,CONNECTED_TO,9214130709
AS16BB4941,LINKED_IN,FIR031
Nisha Nair,LOCATED_IN,Guwahati
Nisha Nair,ASSOCIATED_WITH_TXN,T0031
Nisha Nair,MENTIONED_IN_COURT,HC131
Sanjay Reddy,USED_PHONE,9362271020
Sanjay Reddy,USED_VEHICLE,AS29BB2325
Sanjay Reddy,INVOLVED_IN,FIR032
9362271020,CONNECTED_TO,9214130709
AS29BB2325,LINKED_IN,FIR032
Sanjay Reddy,ASSOCIATED_WITH_TXN,T0032
Sanjay Reddy,MENTIONED_IN_COURT,HC132
Farhan Khan,USED_PHONE,9214130709
Farhan Khan,USED_VEHICLE,AS86BB9188
Farhan Khan,INVOLVED_IN,FIR033
AS86BB9188,LINKED_IN,FIR033
Farhan Khan,LOCATED_IN,Guwahati
Farhan Khan,ASSOCIATED_WITH_TXN,T0033
Farhan Khan,MENTIONED_IN_COURT,HC133
Imran Das,USED_PHONE,9307815460
Imran Das,USED_VEHICLE,AS47AA8324
Imran Das,INVOLVED_IN,FIR034
9307815460,CONNECTED_TO,9214130709
AS47AA8324,LINKED_IN,FIR034
Imran Das,LOCATED_IN,Guwahati
Imran Das,ASSOCIATED_WITH_TXN,T0034
Imran Das,MENTIONED_IN_COURT,HC134
Nisha Nair,USED_PHONE,9819249363
Nisha Nair,USED_VEHICLE,AS47AA8324
Nisha Nair,INVOLVED_IN,FIR035
AS47AA8324,LINKED_IN,FIR035
Nisha Nair,ASSOCIATED_WITH_TXN,T0035
Nisha Nair,MENTIONED_IN_COURT,HC135
Rahul Patel,USED_PHONE,9214130709
Rahul Patel,USED_VEHICLE,AS47AA8324
Rahul Patel,INVOLVED_IN,FIR036
AS47AA8324,LINKED_IN,FIR036
Rahul Patel,LOCATED_IN,Guwahati
Rahul Patel,ASSOCIATED_WITH_TXN,T0036
Rahul Patel,MENTIONED_IN_COURT,HC136
Rahul Patel,USED_PHONE,9980424436
Rahul Patel,INVOLVED_IN,FIR037
9980424436,CONNECTED_TO,9214130709
AS47AA8324,LINKED_IN,FIR037
Rahul Patel,ASSOCIATED_WITH_TXN,T0037
Rahul Patel,MENTIONED_IN_COURT,HC137
Pooja Sharma,USED_PHONE,9772728810
Pooja Sharma,USED_VEHICLE,AS76BB8937
Pooja Sharma,INVOLVED_IN,FIR038
AS76BB8937,LINKED_IN,FIR038
Pooja Sharma,LOCATED_IN,Guwahati
Pooja Sharma,ASSOCIATED_WITH_TXN,T0038
Pooja Sharma,MENTIONED_IN_COURT,HC138
Sanjay Reddy,USED_VEHICLE,AS37BB1578
Sanjay Reddy,INVOLVED_IN,FIR039
AS37BB1578,LINKED_IN,FIR039
Sanjay Reddy,ASSOCIATED_WITH_TXN,T0039
Sanjay Reddy,MENTIONED_IN_COURT,HC139
Imran Das,USED_PHONE,9214130709
Imran Das,INVOLVED_IN,FIR040
AS47AA8324,LINKED_IN,FIR040
Imran Das,ASSOCIATED_WITH_TXN,T0040
Imran Das,MENTIONED_IN_COURT,HC140
Sanjay Reddy,INVOLVED_IN,FIR041
AS47AA8324,LINKED_IN,FIR041
Sanjay Reddy,ASSOCIATED_WITH_TXN,T0041
Sanjay Reddy,MENTIONED_IN_COURT,HC141
Imran Das,USED_PHONE,9760695376
Imran Das,INVOLVED_IN,FIR042
AS47AA8324,LINKED_IN,FIR042
Imran Das,ASSOCIATED_WITH_TXN,T0042
Imran Das,MENTIONED_IN_COURT,HC142
Nisha Nair,USED_PHONE,9214130709
Nisha Nair,INVOLVED_IN,FIR043
AS47AA8324,LINKED_IN,FIR043
Nisha Nair,ASSOCIATED_WITH_TXN,T0043
Nisha Nair,MENTIONED_IN_COURT,HC143
Aman Khan,USED_PHONE,9214130709
Aman Khan,USED_VEHICLE,AS13BB8902
Aman Khan,INVOLVED_IN,FIR044
AS13BB8902,LINKED_IN,FIR044
Aman Khan,LOCATED_IN,Guwahati
Aman Khan,ASSOCIATED_WITH_TXN,T0044
Aman Khan,MENTIONED_IN_COURT,HC144
Nisha Nair,INVOLVED_IN,FIR045
AS47AA8324,LINKED_IN,FIR045
Nisha Nair,ASSOCIATED_WITH_TXN,T0045
Nisha Nair,MENTIONED_IN_COURT,HC145
Pooja Sharma,USED_PHONE,9214130709
Pooja Sharma,USED_VEHICLE,AS14BB7718
Pooja Sharma,INVOLVED_IN,FIR046
AS14BB7718,LINKED_IN,FIR046
Pooja Sharma,ASSOCIATED_WITH_TXN,T0046
Pooja Sharma,MENTIONED_IN_COURT,HC146
Ananya Das,USED_PHONE,9214130709
Ananya Das,USED_VEHICLE,AS13BB1232
Ananya Das,INVOLVED_IN,FIR047
AS13BB1232,LINKED_IN,FIR047
Ananya Das,LOCATED_IN,Guwahati
Ananya Das,ASSOCIATED_WITH_TXN,T0047
Ananya Das,MENTIONED_IN_COURT,HC147
Sneha Reddy,USED_PHONE,9963277712
Sneha Reddy,USED_VEHICLE,TN40AA6500
Sneha Reddy,INVOLVED_IN,FIR048
9963277712,CONNECTED_TO,9772728810
TN40AA6500,LINKED_IN,FIR048
Sneha Reddy,LOCATED_IN,Chennai
Sneha Reddy,ASSOCIATED_WITH_TXN,T0048
Sneha Reddy,MENTIONED_IN_COURT,HC148
Pooja Sharma,USED_VEHICLE,TN19BB8975
Pooja Sharma,INVOLVED_IN,FIR049
9772728810,CONNECTED_TO,9772728810
TN19BB8975,LINKED_IN,FIR049
Pooja Sharma,LOCATED_IN,Chennai
Pooja Sharma,ASSOCIATED_WITH_TXN,T0049
Pooja Sharma,MENTIONED_IN_COURT,HC149
Karan Reddy,USED_PHONE,9875191871
Karan Reddy,USED_VEHICLE,TN40AA6500
Karan Reddy,INVOLVED_IN,FIR050
9875191871,CONNECTED_TO,9772728810
TN40AA6500,LINKED_IN,FIR050
Karan Reddy,LOCATED_IN,Chennai
Karan Reddy,ASSOCIATED_WITH_TXN,T0050
Karan Reddy,MENTIONED_IN_COURT,HC150
Vikram Khan,USED_PHONE,9772728810
Vikram Khan,USED_VEHICLE,TN31BB5087
Vikram Khan,INVOLVED_IN,FIR051
TN31BB5087,LINKED_IN,FIR051
Vikram Khan,LOCATED_IN,Chennai
Vikram Khan,ASSOCIATED_WITH_TXN,T0051
Vikram Khan,MENTIONED_IN_COURT,HC151
Sanjay Kumar,USED_PHONE,9836897226
Sanjay Kumar,USED_VEHICLE,TN40AA6500
Sanjay Kumar,INVOLVED_IN,FIR052
9836897226,CONNECTED_TO,9772728810
TN40AA6500,LINKED_IN,FIR052
Sanjay Kumar,LOCATED_IN,Chennai
Sanjay Kumar,ASSOCIATED_WITH_TXN,T0052
Sanjay Kumar,MENTIONED_IN_COURT,HC152
Sneha Reddy,USED_PHONE,9316916607
Sneha Reddy,USED_VEHICLE,TN49BB3107
Sneha Reddy,INVOLVED_IN,FIR053
9316916607,CONNECTED_TO,9772728810
TN49BB3107,LINKED_IN,FIR053
Sneha Reddy,ASSOCIATED_WITH_TXN,T0053
Sneha Reddy,MENTIONED_IN_COURT,HC153
Farhan Gupta,USED_PHONE,9875191871
Farhan Gupta,USED_VEHICLE,TN40AA6500
Farhan Gupta,INVOLVED_IN,FIR054
TN40AA6500,LINKED_IN,FIR054
Farhan Gupta,LOCATED_IN,Chennai
Farhan Gupta,ASSOCIATED_WITH_TXN,T0054
Farhan Gupta,MENTIONED_IN_COURT,HC154
Priya Das,USED_PHONE,9760695376
Priya Das,USED_VEHICLE,TN34BB2320
Priya Das,INVOLVED_IN,FIR055
9760695376,CONNECTED_TO,9772728810
TN34BB2320,LINKED_IN,FIR055
Priya Das,LOCATED_IN,Chennai
Priya Das,ASSOCIATED_WITH_TXN,T0055
Priya Das,MENTIONED_IN_COURT,HC155
Arjun Sharma,USED_PHONE,9355640455
Arjun Sharma,USED_VEHICLE,TN40AA6500
Arjun Sharma,INVOLVED_IN,FIR056
9355640455,CONNECTED_TO,9772728810
TN40AA6500,LINKED_IN,FIR056
Arjun Sharma,LOCATED_IN,Chennai
Arjun Sharma,ASSOCIATED_WITH_TXN,T0056
Arjun Sharma,MENTIONED_IN_COURT,HC156
Aisha Gupta,USED_PHONE,9772728810
Aisha Gupta,USED_VEHICLE,TN67BB7284
Aisha Gupta,INVOLVED_IN,FIR057
TN67BB7284,LINKED_IN,FIR057
Aisha Gupta,LOCATED_IN,Chennai
Aisha Gupta,ASSOCIATED_WITH_TXN,T0057
Aisha Gupta,MENTIONED_IN_COURT,HC157
Arjun Sharma,USED_PHONE,9772728810
Arjun Sharma,USED_VEHICLE,TN15BB8107
Arjun Sharma,INVOLVED_IN,FIR058
TN15BB8107,LINKED_IN,FIR058
Arjun Sharma,ASSOCIATED_WITH_TXN,T0058
Arjun Sharma,MENTIONED_IN_COURT,HC158
Priya Gupta,USED_PHONE,9262613175
Priya Gupta,USED_VEHICLE,TN40AA6500
Priya Gupta,INVOLVED_IN,FIR059
9262613175,CONNECTED_TO,9772728810
TN40AA6500,LINKED_IN,FIR059
Priya Gupta,LOCATED_IN,Chennai
Priya Gupta,ASSOCIATED_WITH_TXN,T0059
Priya Gupta,MENTIONED_IN_COURT,HC159
Sneha Reddy,USED_PHONE,9819987632
Sneha Reddy,USED_VEHICLE,TN10BB5715
Sneha Reddy,INVOLVED_IN,FIR060
9819987632,CONNECTED_TO,9772728810
TN10BB5715,LINKED_IN,FIR060
Sneha Reddy,ASSOCIATED_WITH_TXN,T0060
Sneha Reddy,MENTIONED_IN_COURT,HC160
Vikram Khan,USED_PHONE,9362271020
Vikram Khan,USED_VEHICLE,TN32BB3958
Vikram Khan,INVOLVED_IN,FIR061
9362271020,CONNECTED_TO,9772728810
TN32BB3958,LINKED_IN,FIR061
Vikram Khan,ASSOCIATED_WITH_TXN,T0061
Vikram Khan,MENTIONED_IN_COURT,HC161
Arjun Sharma,USED_PHONE,9619119798
Arjun Sharma,USED_VEHICLE,TN67BB1435
Arjun Sharma,INVOLVED_IN,FIR062
9619119798,CONNECTED_TO,9772728810
TN67BB1435,LINKED_IN,FIR062
Arjun Sharma,ASSOCIATED_WITH_TXN,T0062
Arjun Sharma,MENTIONED_IN_COURT,HC162
Pooja Sharma,USED_PHONE,9946594733
Pooja Sharma,USED_VEHICLE,TN40AA6500
Pooja Sharma,INVOLVED_IN,FIR063
9946594733,CONNECTED_TO,9772728810
TN40AA6500,LINKED_IN,FIR063
Pooja Sharma,ASSOCIATED_WITH_TXN,T0063
Pooja Sharma,MENTIONED_IN_COURT,HC163
Sneha Reddy,USED_PHONE,9772728810
Sneha Reddy,INVOLVED_IN,FIR064
TN40AA6500,LINKED_IN,FIR064
Sneha Reddy,ASSOCIATED_WITH_TXN,T0064
Sneha Reddy,MENTIONED_IN_COURT,HC164
Priya Gupta,USED_PHONE,9638456848
Priya Gupta,USED_VEHICLE,TN14BB9778
Priya Gupta,INVOLVED_IN,FIR065
9638456848,CONNECTED_TO,9772728810
TN14BB9778,LINKED_IN,FIR065
Priya Gupta,ASSOCIATED_WITH_TXN,T0065
Priya Gupta,MENTIONED_IN_COURT,HC165
Sanjay Kumar,USED_PHONE,9772728810
Sanjay Kumar,INVOLVED_IN,FIR066
TN40AA6500,LINKED_IN,FIR066
Sanjay Kumar,ASSOCIATED_WITH_TXN,T0066
Sanjay Kumar,MENTIONED_IN_COURT,HC166
Sanjay Kumar,USED_PHONE,9167860086
Sanjay Kumar,USED_VEHICLE,TN63BB1696
Sanjay Kumar,INVOLVED_IN,FIR067
9167860086,CONNECTED_TO,9772728810
TN63BB1696,LINKED_IN,FIR067
Sanjay Kumar,ASSOCIATED_WITH_TXN,T0067
Sanjay Kumar,MENTIONED_IN_COURT,HC167
Sneha Yadav,USED_PHONE,9174433688
Sneha Yadav,USED_VEHICLE,GJ53BB4779
Sneha Yadav,INVOLVED_IN,FIR068
9174433688,CONNECTED_TO,9174433688
GJ53BB4779,LINKED_IN,FIR068
Sneha Yadav,LOCATED_IN,Ahmedabad
Sneha Yadav,ASSOCIATED_WITH_TXN,T0068
Sneha Yadav,MENTIONED_IN_COURT,HC168
Sneha Yadav,USED_VEHICLE,GJ99AA8774
Sneha Yadav,INVOLVED_IN,FIR069
GJ99AA8774,LINKED_IN,FIR069
Sneha Yadav,ASSOCIATED_WITH_TXN,T0069
Sneha Yadav,MENTIONED_IN_COURT,HC169
Aman Patel,USED_PHONE,9174433688
Aman Patel,USED_VEHICLE,GJ13BB9716
Aman Patel,INVOLVED_IN,FIR070
GJ13BB9716,LINKED_IN,FIR070
Aman Patel,LOCATED_IN,Ahmedabad
Aman Patel,ASSOCIATED_WITH_TXN,T0070
Aman Patel,MENTIONED_IN_COURT,HC170
Deepak Sharma,USED_PHONE,9174433688
Deepak Sharma,USED_VEHICLE,GJ99AA8774
Deepak Sharma,INVOLVED_IN,FIR071
GJ99AA8774,LINKED_IN,FIR071
Deepak Sharma,LOCATED_IN,Ahmedabad
Deepak Sharma,ASSOCIATED_WITH_TXN,T0071
Deepak Sharma,MENTIONED_IN_COURT,HC171
Pooja Sharma,USED_PHONE,9174433688
Pooja Sharma,USED_VEHICLE,GJ54BB5458
Pooja Sharma,INVOLVED_IN,FIR072
GJ54BB5458,LINKED_IN,FIR072
Pooja Sharma,LOCATED_IN,Ahmedabad
Pooja Sharma,ASSOCIATED_WITH_TXN,T0072
Pooja Sharma,MENTIONED_IN_COURT,HC172
Aman Reddy,USED_PHONE,9174433688
Aman Reddy,USED_VEHICLE,GJ37BB7435
Aman Reddy,INVOLVED_IN,FIR073
GJ37BB7435,LINKED_IN,FIR073
Aman Reddy,LOCATED_IN,Ahmedabad
Aman Reddy,ASSOCIATED_WITH_TXN,T0073
Aman Reddy,MENTIONED_IN_COURT,HC173
Deepak Gupta,USED_PHONE,9772728810
Deepak Gupta,USED_VEHICLE,GJ59BB6203
Deepak Gupta,INVOLVED_IN,FIR074
9772728810,CONNECTED_TO,9174433688
GJ59BB6203,LINKED_IN,FIR074
Deepak Gupta,LOCATED_IN,Ahmedabad
Deepak Gupta,ASSOCIATED_WITH_TXN,T0074
Deepak Gupta,MENTIONED_IN_COURT,HC174
Pooja Gupta,USED_PHONE,9262613175
Pooja Gupta,USED_VEHICLE,GJ99AA8774
Pooja Gupta,INVOLVED_IN,FIR075
9262613175,CONNECTED_TO,9174433688
GJ99AA8774,LINKED_IN,FIR075
Pooja Gupta,LOCATED_IN,Ahmedabad
Pooja Gupta,ASSOCIATED_WITH_TXN,T0075
Pooja Gupta,MENTIONED_IN_COURT,HC175
Pooja Gupta,USED_PHONE,9174433688
Pooja Gupta,USED_VEHICLE,GJ10BB2842
Pooja Gupta,INVOLVED_IN,FIR076
GJ10BB2842,LINKED_IN,FIR076
Pooja Gupta,ASSOCIATED_WITH_TXN,T0076
Pooja Gupta,MENTIONED_IN_COURT,HC176
Nisha Singh,USED_PHONE,9348286162
Nisha Singh,USED_VEHICLE,GJ99BB5554
Nisha Singh,INVOLVED_IN,FIR077
9348286162,CONNECTED_TO,9174433688
GJ99BB5554,LINKED_IN,FIR077
Nisha Singh,LOCATED_IN,Ahmedabad
Nisha Singh,ASSOCIATED_WITH_TXN,T0077
Nisha Singh,MENTIONED_IN_COURT,HC177
Aisha Nair,USED_PHONE,9772728810
Aisha Nair,USED_VEHICLE,GJ99AA8774
Aisha Nair,INVOLVED_IN,FIR078
GJ99AA8774,LINKED_IN,FIR078
Aisha Nair,LOCATED_IN,Ahmedabad
Aisha Nair,ASSOCIATED_WITH_TXN,T0078
Aisha Nair,MENTIONED_IN_COURT,HC178
Aisha Nair,USED_PHONE,9174433688
Aisha Nair,INVOLVED_IN,FIR079
GJ99AA8774,LINKED_IN,FIR079
Aisha Nair,ASSOCIATED_WITH_TXN,T0079
Aisha Nair,MENTIONED_IN_COURT,HC179
Aman Patel,USED_VEHICLE,GJ47BB2678
Aman Patel,INVOLVED_IN,FIR080
GJ47BB2678,LINKED_IN,FIR080
Aman Patel,ASSOCIATED_WITH_TXN,T0080
Aman Patel,MENTIONED_IN_COURT,HC180
Rohit Yadav,USED_PHONE,9782167638
Rohit Yadav,USED_VEHICLE,GJ44BB9544
Rohit Yadav,INVOLVED_IN,FIR081
9782167638,CONNECTED_TO,9174433688
GJ44BB9544,LINKED_IN,FIR081
Rohit Yadav,LOCATED_IN,Ahmedabad
Rohit Yadav,ASSOCIATED_WITH_TXN,T0081
Rohit Yadav,MENTIONED_IN_COURT,HC181
Sneha Yadav,INVOLVED_IN,FIR082
GJ99AA8774,LINKED_IN,FIR082
Sneha Yadav,ASSOCIATED_WITH_TXN,T0082
Sneha Yadav,MENTIONED_IN_COURT,HC182
Aman Patel,USED_VEHICLE,GJ99AA8774
Aman Patel,INVOLVED_IN,FIR083
GJ99AA8774,LINKED_IN,FIR083
Aman Patel,ASSOCIATED_WITH_TXN,T0083
Aman Patel,MENTIONED_IN_COURT,HC183
Pooja Gupta,USED_VEHICLE,GJ57BB2905
Pooja Gupta,INVOLVED_IN,FIR084
GJ57BB2905,LINKED_IN,FIR084
Pooja Gupta,ASSOCIATED_WITH_TXN,T0084
Pooja Gupta,MENTIONED_IN_COURT,HC184
Deepak Sharma,INVOLVED_IN,FIR085
GJ99AA8774,LINKED_IN,FIR085
Deepak Sharma,ASSOCIATED_WITH_TXN,T0085
Deepak Sharma,MENTIONED_IN_COURT,HC185
Rohit Khan,USED_PHONE,9779800587
Rohit Khan,USED_VEHICLE,DL73AA4779
Rohit Khan,INVOLVED_IN,FIR086
9779800587,CONNECTED_TO,9316916607
DL73AA4779,LINKED_IN,FIR086
Rohit Khan,LOCATED_IN,New Delhi
Rohit Khan,ASSOCIATED_WITH_TXN,T0086
Rohit Khan,MENTIONED_IN_COURT,HC186
Neha Singh,USED_PHONE,9316916607
Neha Singh,USED_VEHICLE,DL73AA4779
Neha Singh,INVOLVED_IN,FIR087
9316916607,CONNECTED_TO,9316916607
DL73AA4779,LINKED_IN,FIR087
Neha Singh,LOCATED_IN,New Delhi
Neha Singh,ASSOCIATED_WITH_TXN,T0087
Neha Singh,MENTIONED_IN_COURT,HC187
Farhan Nair,USED_PHONE,9877276846
Farhan Nair,USED_VEHICLE,DL72BB7578
Farhan Nair,INVOLVED_IN,FIR088
9877276846,CONNECTED_TO,9316916607
DL72BB7578,LINKED_IN,FIR088
Farhan Nair,LOCATED_IN,New Delhi
Farhan Nair,ASSOCIATED_WITH_TXN,T0088
Farhan Nair,MENTIONED_IN_COURT,HC188
Aman Sharma,USED_PHONE,9760695376
Aman Sharma,USED_VEHICLE,DL87BB5232
Aman Sharma,INVOLVED_IN,FIR089
9760695376,CONNECTED_TO,9316916607
DL87BB5232,LINKED_IN,FIR089
Aman Sharma,LOCATED_IN,New Delhi
Aman Sharma,ASSOCIATED_WITH_TXN,T0089
Aman Sharma,MENTIONED_IN_COURT,HC189
Rohit Khan,USED_PHONE,9980222397
Rohit Khan,INVOLVED_IN,FIR090
9980222397,CONNECTED_TO,9316916607
DL73AA4779,LINKED_IN,FIR090
Rohit Khan,ASSOCIATED_WITH_TXN,T0090
Rohit Khan,MENTIONED_IN_COURT,HC190
Farhan Nair,USED_PHONE,9991059204
Farhan Nair,USED_VEHICLE,DL59BB6275
Farhan Nair,INVOLVED_IN,FIR091
9991059204,CONNECTED_TO,9316916607
DL59BB6275,LINKED_IN,FIR091
Farhan Nair,ASSOCIATED_WITH_TXN,T0091
Farhan Nair,MENTIONED_IN_COURT,HC191
Arjun Patel,USED_PHONE,9760695376
Arjun Patel,USED_VEHICLE,DL14BB6830
Arjun Patel,INVOLVED_IN,FIR092
DL14BB6830,LINKED_IN,FIR092
Arjun Patel,LOCATED_IN,New Delhi
Arjun Patel,ASSOCIATED_WITH_TXN,T0092
Arjun Patel,MENTIONED_IN_COURT,HC192
Arjun Yadav,USED_PHONE,9963277712
Arjun Yadav,USED_VEHICLE,DL73AA4779
Arjun Yadav,INVOLVED_IN,FIR093
9963277712,CONNECTED_TO,9316916607
DL73AA4779,LINKED_IN,FIR093
Arjun Yadav,LOCATED_IN,New Delhi
Arjun Yadav,ASSOCIATED_WITH_TXN,T0093
Arjun Yadav,MENTIONED_IN_COURT,HC193
Rohit Khan,USED_PHONE,9547875230
Rohit Khan,USED_VEHICLE,DL96BB5468
Rohit Khan,INVOLVED_IN,FIR094
9547875230,CONNECTED_TO,9316916607
DL96BB5468,LINKED_IN,FIR094
Rohit Khan,ASSOCIATED_WITH_TXN,T0094
Rohit Khan,MENTIONED_IN_COURT,HC194
Aman Singh,USED_PHONE,9316916607
Aman Singh,USED_VEHICLE,DL49BB5663
Aman Singh,INVOLVED_IN,FIR095
DL49BB5663,LINKED_IN,FIR095
Aman Singh,LOCATED_IN,New Delhi
Aman Singh,ASSOCIATED_WITH_TXN,T0095
Aman Singh,MENTIONED_IN_COURT,HC195
Priya Gupta,USED_PHONE,9316916607
Priya Gupta,USED_VEHICLE,DL73AA4779
Priya Gupta,INVOLVED_IN,FIR096
DL73AA4779,LINKED_IN,FIR096
Priya Gupta,LOCATED_IN,New Delhi
Priya Gupta,ASSOCIATED_WITH_TXN,T0096
Priya Gupta,MENTIONED_IN_COURT,HC196
Aman Sharma,USED_PHONE,9980222397
Aman Sharma,USED_VEHICLE,DL88BB1770
Aman Sharma,INVOLVED_IN,FIR097
DL88BB1770,LINKED_IN,FIR097
Aman Sharma,ASSOCIATED_WITH_TXN,T0097
Aman Sharma,MENTIONED_IN_COURT,HC197
Priya Gupta,USED_PHONE,9164806396
Priya Gupta,USED_VEHICLE,DL22BB5486
Priya Gupta,INVOLVED_IN,FIR098
9164806396,CONNECTED_TO,9316916607
DL22BB5486,LINKED_IN,FIR098
Priya Gupta,ASSOCIATED_WITH_TXN,T0098
Priya Gupta,MENTIONED_IN_COURT,HC198
Farhan Nair,USED_PHONE,9316916607
Farhan Nair,USED_VEHICLE,DL73AA4779
Farhan Nair,INVOLVED_IN,FIR099
DL73AA4779,LINKED_IN,FIR099
Farhan Nair,ASSOCIATED_WITH_TXN,T0099
Farhan Nair,MENTIONED_IN_COURT,HC199
Arjun Patel,USED_PHONE,9164806396
Arjun Patel,USED_VEHICLE,DL85BB9161
Arjun Patel,INVOLVED_IN,FIR100
DL85BB9161,LINKED_IN,FIR100
Arjun Patel,ASSOCIATED_WITH_TXN,T0100
Arjun Patel,MENTIONED_IN_COURT,HC200
Aman Sharma,USED_PHONE,9148530158
Aman Sharma,USED_VEHICLE,DL73AA4779
Aman Sharma,INVOLVED_IN,FIR101
9148530158,CONNECTED_TO,9316916607
DL73AA4779,LINKED_IN,FIR101
Aman Sharma,ASSOCIATED_WITH_TXN,T0101
Aman Sharma,MENTIONED_IN_COURT,HC201
Farhan Nair,INVOLVED_IN,FIR102
DL73AA4779,LINKED_IN,FIR102
Farhan Nair,ASSOCIATED_WITH_TXN,T0102
Farhan Nair,MENTIONED_IN_COURT,HC202
Rohit Khan,USED_PHONE,9990140207
Rohit Khan,USED_VEHICLE,DL57BB1672
Rohit Khan,INVOLVED_IN,FIR103
9990140207,CONNECTED_TO,9316916607
DL57BB1672,LINKED_IN,FIR103
Rohit Khan,ASSOCIATED_WITH_TXN,T0103
Rohit Khan,MENTIONED_IN_COURT,HC203
Sneha Yadav,USED_PHONE,9316916607
Sneha Yadav,USED_VEHICLE,DL73AA4779
Sneha Yadav,INVOLVED_IN,FIR104
DL73AA4779,LINKED_IN,FIR104
Sneha Yadav,LOCATED_IN,New Delhi
Sneha Yadav,ASSOCIATED_WITH_TXN,T0104
Sneha Yadav,MENTIONED_IN_COURT,HC204
Rohit Singh,USED_PHONE,9316916607
Rohit Singh,USED_VEHICLE,DL73AA4779
Rohit Singh,INVOLVED_IN,FIR105
DL73AA4779,LINKED_IN,FIR105
Rohit Singh,LOCATED_IN,New Delhi
Rohit Singh,ASSOCIATED_WITH_TXN,T0105
Rohit Singh,MENTIONED_IN_COURT,HC205
Neha Khan,USED_PHONE,9355640455
Neha Khan,USED_VEHICLE,TN21AA5581
Neha Khan,INVOLVED_IN,FIR106
9355640455,CONNECTED_TO,9355640455
TN21AA5581,LINKED_IN,FIR106
Neha Khan,LOCATED_IN,Guwahati
Neha Khan,ASSOCIATED_WITH_TXN,T0106
Neha Khan,MENTIONED_IN_COURT,HC206
Aman Singh,USED_PHONE,9124437123
Aman Singh,USED_VEHICLE,GJ24BB6282
Aman Singh,INVOLVED_IN,FIR107
9124437123,CONNECTED_TO,9355640455
GJ24BB6282,LINKED_IN,FIR107
Aman Singh,LOCATED_IN,Ahmedabad
Aman Singh,ASSOCIATED_WITH_TXN,T0107
Aman Singh,MENTIONED_IN_COURT,HC207
Sneha Nair,USED_PHONE,9990140207
Sneha Nair,USED_VEHICLE,GJ70BB3333
Sneha Nair,INVOLVED_IN,FIR108
9990140207,CONNECTED_TO,9355640455
GJ70BB3333,LINKED_IN,FIR108
Sneha Nair,LOCATED_IN,Ahmedabad
Sneha Nair,ASSOCIATED_WITH_TXN,T0108
Sneha Nair,MENTIONED_IN_COURT,HC208
Aman Khan,USED_PHONE,9877276846
Aman Khan,USED_VEHICLE,GJ85BB8389
Aman Khan,INVOLVED_IN,FIR109
9877276846,CONNECTED_TO,9355640455
GJ85BB8389,LINKED_IN,FIR109
Aman Khan,LOCATED_IN,Ahmedabad
Aman Khan,ASSOCIATED_WITH_TXN,T0109
Aman Khan,MENTIONED_IN_COURT,HC209
Ravi Sharma,USED_PHONE,9355640455
Ravi Sharma,USED_VEHICLE,TN21AA5581
Ravi Sharma,INVOLVED_IN,FIR110
TN21AA5581,LINKED_IN,FIR110
Ravi Sharma,LOCATED_IN,Jaipur
Ravi Sharma,ASSOCIATED_WITH_TXN,T0110
Ravi Sharma,MENTIONED_IN_COURT,HC210
Sneha Nair,USED_PHONE,9534924451
Sneha Nair,USED_VEHICLE,TN21AA5581
Sneha Nair,INVOLVED_IN,FIR111
9534924451,CONNECTED_TO,9355640455
TN21AA5581,LINKED_IN,FIR111
Sneha Nair,LOCATED_IN,Kolkata
Sneha Nair,ASSOCIATED_WITH_TXN,T0111
Sneha Nair,MENTIONED_IN_COURT,HC211
Neha Khan,INVOLVED_IN,FIR112
TN21AA5581,LINKED_IN,FIR112
Neha Khan,LOCATED_IN,Bhubaneswar
Neha Khan,ASSOCIATED_WITH_TXN,T0112
Neha Khan,MENTIONED_IN_COURT,HC212
Priya Singh,USED_PHONE,9164806396
Priya Singh,USED_VEHICLE,TN21AA5581
Priya Singh,INVOLVED_IN,FIR113
9164806396,CONNECTED_TO,9355640455
TN21AA5581,LINKED_IN,FIR113
Priya Singh,LOCATED_IN,Kochi
Priya Singh,ASSOCIATED_WITH_TXN,T0113
Priya Singh,MENTIONED_IN_COURT,HC213
Vikram Yadav,USED_PHONE,9355640455
Vikram Yadav,USED_VEHICLE,PB92BB4987
Vikram Yadav,INVOLVED_IN,FIR114
PB92BB4987,LINKED_IN,FIR114
Vikram Yadav,LOCATED_IN,Chandigarh
Vikram Yadav,ASSOCIATED_WITH_TXN,T0114
Vikram Yadav,MENTIONED_IN_COURT,HC214
Aman Khan,USED_PHONE,9355640455
Aman Khan,USED_VEHICLE,RJ18BB3340
Aman Khan,INVOLVED_IN,FIR115
RJ18BB3340,LINKED_IN,FIR115
Aman Khan,LOCATED_IN,Jaipur
Aman Khan,ASSOCIATED_WITH_TXN,T0115
Aman Khan,MENTIONED_IN_COURT,HC215
Aman Singh,USED_PHONE,9355640455
Aman Singh,USED_VEHICLE,TN21AA5581
Aman Singh,INVOLVED_IN,FIR116
TN21AA5581,LINKED_IN,FIR116
Aman Singh,LOCATED_IN,Bengaluru
Aman Singh,ASSOCIATED_WITH_TXN,T0116
Aman Singh,MENTIONED_IN_COURT,HC216
Aman Khan,USED_VEHICLE,AS70BB9307
Aman Khan,INVOLVED_IN,FIR117
AS70BB9307,LINKED_IN,FIR117
Aman Khan,ASSOCIATED_WITH_TXN,T0117
Aman Khan,MENTIONED_IN_COURT,HC217
Neha Patel,USED_PHONE,9195546643
Neha Patel,USED_VEHICLE,MH78BB4014
Neha Patel,INVOLVED_IN,FIR118
9195546643,CONNECTED_TO,9355640455
MH78BB4014,LINKED_IN,FIR118
Neha Patel,LOCATED_IN,Mumbai
Neha Patel,ASSOCIATED_WITH_TXN,T0118
Neha Patel,MENTIONED_IN_COURT,HC218
Aman Khan,USED_PHONE,9990140207
Aman Khan,USED_VEHICLE,OD45BB7758
Aman Khan,INVOLVED_IN,FIR119
OD45BB7758,LINKED_IN,FIR119
Aman Khan,LOCATED_IN,Bhubaneswar
Aman Khan,ASSOCIATED_WITH_TXN,T0119
Aman Khan,MENTIONED_IN_COURT,HC219
Sanjay Nair,USED_PHONE,9355640455
Sanjay Nair,USED_VEHICLE,TS15BB8153
Sanjay Nair,INVOLVED_IN,FIR120
TS15BB8153,LINKED_IN,FIR120
Sanjay Nair,LOCATED_IN,Hyderabad
Sanjay Nair,ASSOCIATED_WITH_TXN,T0120
Sanjay Nair,MENTIONED_IN_COURT,HC220
Ravi Sharma,USED_PHONE,9990140207
Ravi Sharma,INVOLVED_IN,FIR121
TN21AA5581,LINKED_IN,FIR121
Ravi Sharma,LOCATED_IN,Chennai
Ravi Sharma,ASSOCIATED_WITH_TXN,T0121
Ravi Sharma,MENTIONED_IN_COURT,HC221
Nisha Sharma,USED_PHONE,9355640455
Nisha Sharma,USED_VEHICLE,TN21AA5581
Nisha Sharma,INVOLVED_IN,FIR122
TN21AA5581,LINKED_IN,FIR122
Nisha Sharma,LOCATED_IN,Bhubaneswar
Nisha Sharma,ASSOCIATED_WITH_TXN,T0122
Nisha Sharma,MENTIONED_IN_COURT,HC222
Sneha Nair,USED_PHONE,9355640455
Sneha Nair,INVOLVED_IN,FIR123
TN21AA5581,LINKED_IN,FIR123
Sneha Nair,LOCATED_IN,Lucknow
Sneha Nair,ASSOCIATED_WITH_TXN,T0123
Sneha Nair,MENTIONED_IN_COURT,HC223
Vikram Yadav,USED_VEHICLE,MH38BB6386
Vikram Yadav,INVOLVED_IN,FIR124
MH38BB6386,LINKED_IN,FIR124
Vikram Yadav,LOCATED_IN,Mumbai
Vikram Yadav,ASSOCIATED_WITH_TXN,T0124
Vikram Yadav,MENTIONED_IN_COURT,HC224
Pooja Patel,USED_PHONE,9963277712
Pooja Patel,USED_VEHICLE,OD94BB3247
Pooja Patel,INVOLVED_IN,FIR125
9963277712,CONNECTED_TO,9355640455
OD94BB3247,LINKED_IN,FIR125
Pooja Patel,LOCATED_IN,Bhubaneswar
Pooja Patel,ASSOCIATED_WITH_TXN,T0125
Pooja Patel,MENTIONED_IN_COURT,HC225
Sneha Nair,USED_PHONE,9819249363
Sneha Nair,USED_VEHICLE,PB19BB4579
Sneha Nair,INVOLVED_IN,FIR126
9819249363,CONNECTED_TO,9355640455
PB19BB4579,LINKED_IN,FIR126
Sneha Nair,LOCATED_IN,Chandigarh
Sneha Nair,ASSOCIATED_WITH_TXN,T0126
Sneha Nair,MENTIONED_IN_COURT,HC226
Pooja Patel,USED_PHONE,9124437123
Pooja Patel,USED_VEHICLE,BR32BB2629
Pooja Patel,INVOLVED_IN,FIR127
BR32BB2629,LINKED_IN,FIR127
Pooja Patel,LOCATED_IN,Patna
Pooja Patel,ASSOCIATED_WITH_TXN,T0127
Pooja Patel,MENTIONED_IN_COURT,HC227
Nisha Sharma,USED_PHONE,9227419531
Nisha Sharma,INVOLVED_IN,FIR128
9227419531,CONNECTED_TO,9355640455
TN21AA5581,LINKED_IN,FIR128
Nisha Sharma,LOCATED_IN,Hyderabad
Nisha Sharma,ASSOCIATED_WITH_TXN,T0128
Nisha Sharma,MENTIONED_IN_COURT,HC228
Ravi Sharma,USED_PHONE,9760695376
Ravi Sharma,USED_VEHICLE,GJ23BB2902
Ravi Sharma,INVOLVED_IN,FIR129
9760695376,CONNECTED_TO,9355640455
GJ23BB2902,LINKED_IN,FIR129
Ravi Sharma,LOCATED_IN,Ahmedabad
Ravi Sharma,ASSOCIATED_WITH_TXN,T0129
Ravi Sharma,MENTIONED_IN_COURT,HC229
Vikram Yadav,USED_VEHICLE,TN21AA5581
Vikram Yadav,INVOLVED_IN,FIR130
TN21AA5581,LINKED_IN,FIR130
Vikram Yadav,LOCATED_IN,Gurugram
Vikram Yadav,ASSOCIATED_WITH_TXN,T0130
Vikram Yadav,MENTIONED_IN_COURT,HC230
Deepak Patel,USED_PHONE,9174433688
Deepak Patel,USED_VEHICLE,DL12AA9026
Deepak Patel,INVOLVED_IN,FIR131
DL12AA9026,LINKED_IN,FIR131
Deepak Patel,LOCATED_IN,Bengaluru
Deepak Patel,ASSOCIATED_WITH_TXN,T0131
Deepak Patel,MENTIONED_IN_COURT,HC231
Sneha Nair,USED_PHONE,9638456848
Sneha Nair,USED_VEHICLE,OD30BB3345
Sneha Nair,INVOLVED_IN,FIR132
9638456848,CONNECTED_TO,9174433688
OD30BB3345,LINKED_IN,FIR132
Sneha Nair,LOCATED_IN,Bhubaneswar
Sneha Nair,ASSOCIATED_WITH_TXN,T0132
Sneha Nair,MENTIONED_IN_COURT,HC232
Nisha Yadav,USED_PHONE,9174433688
Nisha Yadav,USED_VEHICLE,DL76BB7372
Nisha Yadav,INVOLVED_IN,FIR133
DL76BB7372,LINKED_IN,FIR133
Nisha Yadav,LOCATED_IN,New Delhi
Nisha Yadav,ASSOCIATED_WITH_TXN,T0133
Nisha Yadav,MENTIONED_IN_COURT,HC233
Nisha Yadav,USED_PHONE,9819987632
Nisha Yadav,USED_VEHICLE,DL19BB9580
Nisha Yadav,INVOLVED_IN,FIR134
9819987632,CONNECTED_TO,9174433688
DL19BB9580,LINKED_IN,FIR134
Nisha Yadav,ASSOCIATED_WITH_TXN,T0134
Nisha Yadav,MENTIONED_IN_COURT,HC234
Ananya Patel,USED_PHONE,9174433688
Ananya Patel,USED_VEHICLE,HR44BB8588
Ananya Patel,INVOLVED_IN,FIR135
HR44BB8588,LINKED_IN,FIR135
Ananya Patel,LOCATED_IN,Gurugram
Ananya Patel,ASSOCIATED_WITH_TXN,T0135
Ananya Patel,MENTIONED_IN_COURT,HC235
Deepak Patel,INVOLVED_IN,FIR136
DL12AA9026,LINKED_IN,FIR136
Deepak Patel,LOCATED_IN,Bhubaneswar
Deepak Patel,ASSOCIATED_WITH_TXN,T0136
Deepak Patel,MENTIONED_IN_COURT,HC236
Deepak Patel,USED_PHONE,9850587225
Deepak Patel,INVOLVED_IN,FIR137
9850587225,CONNECTED_TO,9174433688
DL12AA9026,LINKED_IN,FIR137
Deepak Patel,LOCATED_IN,Ahmedabad
Deepak Patel,ASSOCIATED_WITH_TXN,T0137
Deepak Patel,MENTIONED_IN_COURT,HC237
Farhan Gupta,USED_PHONE,9619119798
Farhan Gupta,USED_VEHICLE,AS57BB3432
Farhan Gupta,INVOLVED_IN,FIR138
9619119798,CONNECTED_TO,9174433688
AS57BB3432,LINKED_IN,FIR138
Farhan Gupta,LOCATED_IN,Guwahati
Farhan Gupta,ASSOCIATED_WITH_TXN,T0138
Farhan Gupta,MENTIONED_IN_COURT,HC238
Deepak Patel,USED_PHONE,9547875230
Deepak Patel,INVOLVED_IN,FIR139
9547875230,CONNECTED_TO,9174433688
DL12AA9026,LINKED_IN,FIR139
Deepak Patel,LOCATED_IN,New Delhi
Deepak Patel,ASSOCIATED_WITH_TXN,T0139
Deepak Patel,MENTIONED_IN_COURT,HC239
Ananya Patel,USED_PHONE,9230744800
Ananya Patel,USED_VEHICLE,DL12AA9026
Ananya Patel,INVOLVED_IN,FIR140
9230744800,CONNECTED_TO,9174433688
DL12AA9026,LINKED_IN,FIR140
Ananya Patel,LOCATED_IN,Ahmedabad
Ananya Patel,ASSOCIATED_WITH_TXN,T0140
Ananya Patel,MENTIONED_IN_COURT,HC240
Karan Sharma,USED_PHONE,9852094368
Karan Sharma,USED_VEHICLE,GJ97BB3709
Karan Sharma,INVOLVED_IN,FIR141
9852094368,CONNECTED_TO,9174433688
GJ97BB3709,LINKED_IN,FIR141
Karan Sharma,LOCATED_IN,Ahmedabad
Karan Sharma,ASSOCIATED_WITH_TXN,T0141
Karan Sharma,MENTIONED_IN_COURT,HC241
Sneha Nair,USED_PHONE,9819987632
Sneha Nair,USED_VEHICLE,DL12AA9026
Sneha Nair,INVOLVED_IN,FIR142
DL12AA9026,LINKED_IN,FIR142
Sneha Nair,ASSOCIATED_WITH_TXN,T0142
Sneha Nair,MENTIONED_IN_COURT,HC242
Neha Kumar,USED_PHONE,9803699407
Neha Kumar,USED_VEHICLE,DL12AA9026
Neha Kumar,INVOLVED_IN,FIR143
9803699407,CONNECTED_TO,9174433688
DL12AA9026,LINKED_IN,FIR143
Neha Kumar,LOCATED_IN,Kochi
Neha Kumar,ASSOCIATED_WITH_TXN,T0143
Neha Kumar,MENTIONED_IN_COURT,HC243
Neha Kumar,USED_PHONE,9174433688
Neha Kumar,INVOLVED_IN,FIR144
DL12AA9026,LINKED_IN,FIR144
Neha Kumar,LOCATED_IN,New Delhi
Neha Kumar,ASSOCIATED_WITH_TXN,T0144
Neha Kumar,MENTIONED_IN_COURT,HC244
Ajay Kumar,USED_PHONE,9174433688
Ajay Kumar,USED_VEHICLE,DL12AA9026
Ajay Kumar,INVOLVED_IN,FIR145
DL12AA9026,LINKED_IN,FIR145
Ajay Kumar,LOCATED_IN,Ahmedabad
Ajay Kumar,ASSOCIATED_WITH_TXN,T0145
Ajay Kumar,MENTIONED_IN_COURT,HC245
Nisha Yadav,USED_PHONE,9803699407
Nisha Yadav,USED_VEHICLE,DL23BB2049
Nisha Yadav,INVOLVED_IN,FIR146
DL23BB2049,LINKED_IN,FIR146
Nisha Yadav,ASSOCIATED_WITH_TXN,T0146
Nisha Yadav,MENTIONED_IN_COURT,HC246
Karan Sharma,USED_PHONE,9174433688
Karan Sharma,USED_VEHICLE,DL12AA9026
Karan Sharma,INVOLVED_IN,FIR147
DL12AA9026,LINKED_IN,FIR147
Karan Sharma,LOCATED_IN,Jaipur
Karan Sharma,ASSOCIATED_WITH_TXN,T0147
Karan Sharma,MENTIONED_IN_COURT,HC247
Ajay Kumar,INVOLVED_IN,FIR148
DL12AA9026,LINKED_IN,FIR148
Ajay Kumar,LOCATED_IN,Jaipur
Ajay Kumar,ASSOCIATED_WITH_TXN,T0148
Ajay Kumar,MENTIONED_IN_COURT,HC248
Karan Sharma,USED_VEHICLE,KA12BB4524
Karan Sharma,INVOLVED_IN,FIR149
KA12BB4524,LINKED_IN,FIR149
Karan Sharma,LOCATED_IN,Bengaluru
Karan Sharma,ASSOCIATED_WITH_TXN,T0149
Karan Sharma,MENTIONED_IN_COURT,HC249
Sneha Nair,USED_PHONE,9875191871
Sneha Nair,USED_VEHICLE,RJ25BB6962
Sneha Nair,INVOLVED_IN,FIR150
9875191871,CONNECTED_TO,9174433688
RJ25BB6962,LINKED_IN,FIR150
Sneha Nair,LOCATED_IN,Jaipur
Sneha Nair,ASSOCIATED_WITH_TXN,T0150
Sneha Nair,MENTIONED_IN_COURT,HC250
